carrier,candidate,family,package,description,decisionEligible,retrospectiveOutcomeOptimized,terminalLeakage,lineageIdentityLeakage,immediateCoarsening,carrierCount,quotientCardinality,compressionRatio,normalizedCompression,singletonFiberCount,nonSingletonFiberCount,lineagesInSingletonFibers,lineagesInNonSingletonFibers,sharedCompressionCoverage,maximumFiberSize,meanNonSingletonFiberSize,medianNonSingletonFiberSize,fateObjectsRepresentedByMultipleLineages,mixedFiberCount,lineagesInMixedFibers,maximumFateImageCardinality,majorityResidual,discordantPairCount,exactRecovery,nontrivialCompression,sharedCompression,fiberSpectrum
H03,constant,coarse_temporal_algebra,P2_eightProjectionState,constant quotient,True,False,False,False,,1183,1,1183.0,0.9991546914623838,0,1,0,1183,1.0,1183,1183,1183,0,1,1183,182,658,546362,False,True,True,1183:1
H03,P4_twelveProjectionState.algebra.equalityHamming,coarse_temporal_algebra,P4_twelveProjectionState,ordered equality and Hamming distances,True,False,False,False,,1183,11,107.54545454545455,0.9907016060862215,1,10,1,1182,0.9991546914623838,271,118.2,103.5,0,10,1182,69,657,88781,False,True,True,1:1;5:1;16:1;25:1;50:1;94:1;113:1;163:1;175:1;270:1;271:1
H03,P5_twelveProjectionDistribution.retain.7,coordinate_deletion,P5_twelveProjectionDistribution,retain projection 7,True,False,False,False,,1183,15,78.86666666666666,0.9873203719357565,0,15,0,1183,1.0,330,78.86666666666666,49,0,15,1183,66,655,80718,False,True,True,3:2;6:1;7:1;9:1;11:1;37:1;49:2;80:1;93:1;143:1;149:1;214:1;330:1
H03,P2_eightProjectionState.route.motifHistogram,route_motif,P2_eightProjectionState,route motif histogram,True,False,False,False,,1183,40,29.575,0.9661876584953508,3,37,3,1180,0.9974640743871513,105,31.89189189189189,21,1,36,1178,37,654,26072,False,True,True,1:3;2:1;3:1;5:2;7:5;9:1;12:1;13:2;14:1;15:1;17:1;19:1;21:2;23:1;25:1;26:2;29:1;36:1;43:1;46:1;47:1;53:2;57:1;69:1;73:1;80:1;92:1;93:1;105:1
H03,P5_twelveProjectionDistribution.prefix.reverse.1,coordinate_deletion,P5_twelveProjectionDistribution,"retain (11,)",True,False,False,False,constant,1183,55,21.509090909090908,0.9535080304311073,5,50,5,1178,0.9957734573119188,104,23.56,12.5,1,48,1174,41,652,20911,False,True,True,1:5;2:3;3:4;4:3;5:1;6:2;7:1;8:1;9:4;10:3;11:2;12:1;13:1;21:2;22:1;23:1;24:3;25:1;26:1;27:1;28:1;29:1;30:1;34:1;38:1;45:1;50:1;55:1;57:1;66:1;70:1;78:1;82:1;104:1
H03,P5_twelveProjectionDistribution.retain.8,coordinate_deletion,P5_twelveProjectionDistribution,retain projection 8,True,False,False,False,,1183,67,17.65671641791045,0.9433643279797126,12,55,12,1171,0.9898562975486053,95,21.29090909090909,14,1,54,1169,43,647,19572,False,True,True,1:12;2:1;3:5;4:6;5:1;6:2;7:4;8:3;9:3;12:1;13:1;14:3;15:2;16:1;17:3;19:1;20:1;21:1;26:2;30:1;32:2;35:1;44:1;47:1;51:1;57:1;62:1;65:1;67:1;68:1;73:1;95:1
H03,P5_twelveProjectionDistribution.retain.10,coordinate_deletion,P5_twelveProjectionDistribution,retain projection 10,True,False,False,False,,1183,73,16.205479452054796,0.9382924767540152,5,68,5,1178,0.9957734573119188,66,17.323529411764707,13.0,1,66,1174,39,646,12638,False,True,True,1:5;2:3;4:8;5:4;6:5;7:3;8:1;9:3;10:2;11:3;12:1;13:2;14:2;16:2;17:1;19:1;20:2;21:2;22:1;23:1;24:5;25:2;27:1;28:2;30:1;32:1;34:2;35:1;40:2;44:1;54:1;58:1;66:1
H03,P5_twelveProjectionDistribution.retain.6,coordinate_deletion,P5_twelveProjectionDistribution,retain projection 6,True,False,False,False,,1183,75,15.773333333333333,0.9366018596787827,6,69,6,1177,0.9949281487743026,72,17.057971014492754,14,0,69,1177,41,643,12341,False,True,True,1:6;2:1;3:3;4:3;5:7;6:2;7:1;8:7;9:3;10:1;11:2;12:1;13:2;14:3;15:1;16:1;17:6;18:2;19:1;20:1;21:2;22:1;23:1;24:2;25:1;26:2;27:1;28:2;29:1;32:1;35:1;39:1;40:1;50:1;51:1;54:1;72:1
H03,P5_twelveProjectionDistribution.heterogeneity.multiCount,heterogeneity_summary,P5_twelveProjectionDistribution,multi-occupied coordinate count per time,True,False,False,False,,1183,92,12.858695652173912,0.9222316145393068,20,72,20,1163,0.9830938292476754,177,16.15277777777778,6.5,1,69,1153,51,631,25480,False,True,True,1:20;2:11;3:7;4:5;5:7;6:6;7:3;8:5;9:3;10:3;11:1;12:1;14:1;15:1;16:1;17:1;21:1;24:3;25:1;27:1;31:2;37:1;38:1;48:1;66:1;76:1;85:1;92:1;177:1
H03,P2_eightProjectionState.transition.equality,transition_signature,P2_eightProjectionState,coordinatewise equality transitions,True,False,False,False,,1183,235,5.034042553191489,0.8013524936601859,37,198,37,1146,0.9687235841081995,28,5.787878787878788,5.0,1,187,1118,13,605,3415,False,True,True,1:37;2:33;3:32;4:29;5:23;6:27;7:12;8:9;9:6;10:5;11:7;12:2;13:4;14:1;16:1;17:1;18:2;21:1;22:1;24:1;28:1
H03,P5_twelveProjectionDistribution.heterogeneity.total,heterogeneity_summary,P5_twelveProjectionDistribution,total occupancy per time,True,False,False,False,,1183,273,4.333333333333333,0.7692307692307692,100,173,100,1083,0.915469146238377,177,6.2601156069364166,3,2,152,1039,21,540,13056,False,True,True,1:100;2:70;3:28;4:25;5:8;6:7;7:5;8:3;9:3;10:1;11:3;12:1;13:4;14:1;16:1;18:2;20:2;23:1;24:3;25:1;26:2;29:1;177:1
H03,P5_twelveProjectionDistribution.prefix.oddThenEven.2,coordinate_deletion,P5_twelveProjectionDistribution,"retain (1, 3)",True,False,False,False,P5_twelveProjectionDistribution.prefix.oddThenEven.1,1183,428,2.764018691588785,0.6382079459002536,204,224,204,979,0.8275570583262891,32,4.370535714285714,3.0,2,200,921,21,502,2587,False,True,True,1:204;2:83;3:47;4:24;5:22;6:9;7:11;8:9;9:3;10:6;11:3;12:1;15:2;19:1;23:1;27:1;32:1
H03,P5_twelveProjectionDistribution.heterogeneity.spectrum,heterogeneity_summary,P5_twelveProjectionDistribution,occupancy spectrum per time,True,False,False,False,,1183,461,2.5661605206073754,0.610312764158918,314,147,314,869,0.7345731191885038,177,5.91156462585034,3,2,133,838,21,415,11446,False,True,True,1:314;2:62;3:21;4:18;5:11;6:3;7:4;8:6;9:4;10:4;11:2;12:4;13:2;17:1;19:1;23:1;24:1;29:1;177:1
H03,P5_twelveProjectionDistribution.prefix.reverse.2,coordinate_deletion,P5_twelveProjectionDistribution,"retain (11, 10)",True,False,False,False,P5_twelveProjectionDistribution.prefix.reverse.1,1183,601,1.9683860232945092,0.49196956889264587,381,220,381,802,0.6779374471682164,19,3.6454545454545455,3.0,2,182,710,16,381,1348,False,True,True,1:381;2:94;3:55;4:16;5:19;6:13;7:10;8:4;9:2;10:1;11:2;13:1;14:2;19:1
H03,P5_twelveProjectionDistribution.prefix.evenThenOdd.2,coordinate_deletion,P5_twelveProjectionDistribution,"retain (0, 2)",True,False,False,False,P5_twelveProjectionDistribution.prefix.evenThenOdd.1,1183,732,1.616120218579235,0.3812341504649197,506,226,506,677,0.5722738799661876,17,2.995575221238938,2.0,2,184,572,11,305,773,False,True,True,1:506;2:120;3:58;4:20;5:12;6:10;7:2;8:1;11:1;13:1;17:1
H03,P5_twelveProjectionDistribution.heterogeneity.turnover,heterogeneity_summary,P5_twelveProjectionDistribution,signed occupancy turnover,True,False,False,False,,1183,735,1.6095238095238096,0.37869822485207105,673,62,673,510,0.43110735418427726,187,8.225806451612904,2.0,2,49,481,36,254,15488,False,True,True,1:673;2:35;3:7;4:10;5:3;6:1;7:1;15:1;20:1;39:1;90:1;187:1
H03,P2_eightProjectionState.prefix.reverse.4,coordinate_deletion,P2_eightProjectionState,"retain (7, 6, 5, 4)",True,False,False,False,P2_eightProjectionState.prefix.reverse.3,1183,853,1.3868698710433762,0.27895181741335584,632,221,632,551,0.4657650042265427,9,2.493212669683258,2,2,167,441,8,239,425,False,True,True,1:632;2:161;3:32;4:15;5:10;7:2;9:1
H03,P4_twelveProjectionState.transition.equality,transition_signature,P4_twelveProjectionState,coordinatewise equality transitions,True,False,False,False,,1183,894,1.3232662192393736,0.24429416737109044,677,217,677,506,0.42772612003381233,9,2.3317972350230414,2,4,186,440,5,216,309,False,True,True,1:677;2:170;3:33;4:7;5:6;9:1
H03,P4_twelveProjectionState.prefix.reverse.4,coordinate_deletion,P4_twelveProjectionState,"retain (11, 10, 9, 8)",True,False,False,False,P4_twelveProjectionState.prefix.reverse.3,1183,953,1.241343126967471,0.1944209636517329,796,157,796,387,0.32713440405748095,9,2.464968152866242,2,3,126,325,8,175,316,False,True,True,1:796;2:118;3:23;4:9;5:3;6:1;7:1;9:2
H03,P5_twelveProjectionDistribution.heterogeneity.coordinateHistory,heterogeneity_summary,P5_twelveProjectionDistribution,coordinatewise occupancy history,True,False,False,False,,1183,965,1.2259067357512954,0.18427726120033816,941,24,941,242,0.20456466610312765,177,10.083333333333334,2.0,1,20,233,21,106,9669,False,True,True,1:941;2:18;3:2;5:1;8:1;10:1;177:1
H03,P2_eightProjectionState.quantize.highVsNonhigh,quantization,P2_eightProjectionState,highVsNonhigh,True,False,False,False,,1183,1052,1.1245247148288973,0.11073541842772616,960,92,960,223,0.18850380388841928,7,2.4239130434782608,2.0,3,77,192,7,104,170,False,True,True,1:960;2:70;3:14;4:2;5:4;6:1;7:1
H03,P4_twelveProjectionState.quantize.lowVsNonlow,quantization,P4_twelveProjectionState,lowVsNonlow,True,False,False,False,,1183,1068,1.107677902621723,0.09721048182586645,1012,56,1012,171,0.1445477599323753,12,3.0535714285714284,2.0,1,50,159,12,97,269,False,True,True,1:1012;2:38;3:4;4:4;5:4;6:2;7:2;9:1;12:1
H03,P5_twelveProjectionDistribution.prefix.reverse.3,coordinate_deletion,P5_twelveProjectionDistribution,"retain (11, 10, 9)",True,False,False,False,P5_twelveProjectionDistribution.prefix.reverse.2,1183,1076,1.0994423791821561,0.09044801352493659,985,91,985,198,0.16737109044801352,6,2.1758241758241756,2,2,70,156,5,80,103,False,True,True,1:985;2:79;3:10;4:1;6:1
H03,P2_eightProjectionState.prefix.oddThenEven.5,coordinate_deletion,P2_eightProjectionState,"retain (1, 3, 5, 7, 0)",True,False,False,False,P2_eightProjectionState.prefix.oddThenEven.4,1183,1091,1.084326306141155,0.0777683854606932,1028,63,1028,155,0.13102282333051563,9,2.4603174603174605,2,1,54,137,6,76,139,False,True,True,1:1028;2:49;3:9;4:1;5:1;6:2;9:1
H03,P5_twelveProjectionDistribution.prefix.source.3,coordinate_deletion,P5_twelveProjectionDistribution,"retain (0, 1, 2)",True,False,False,False,P5_twelveProjectionDistribution.prefix.source.2,1183,1098,1.0774134790528234,0.07185122569737956,1030,68,1030,153,0.1293322062552832,9,2.25,2.0,2,51,118,8,64,103,False,True,True,1:1030;2:59;3:6;4:2;9:1
H03,P5_twelveProjectionDistribution.prefix.evenThenOdd.3,coordinate_deletion,P5_twelveProjectionDistribution,"retain (0, 2, 4)",True,False,False,False,P5_twelveProjectionDistribution.prefix.evenThenOdd.2,1183,1111,1.0648064806480648,0.0608622147083685,1054,57,1054,129,0.10904480135249366,7,2.263157894736842,2,2,44,102,6,53,77,False,True,True,1:1054;2:47;3:8;4:1;7:1
H03,P4_twelveProjectionState.prefix.reverse.5,coordinate_deletion,P4_twelveProjectionState,"retain (11, 10, 9, 8, 7)",True,False,False,False,P4_twelveProjectionState.prefix.reverse.4,1183,1121,1.055307760927743,0.052409129332206206,1074,47,1074,109,0.09213863060016907,6,2.3191489361702127,2,2,41,97,5,52,77,False,True,True,1:1074;2:38;3:6;4:1;5:1;6:1
H03,P2_eightProjectionState.prefix.evenThenOdd.5,coordinate_deletion,P2_eightProjectionState,"retain (0, 2, 4, 6, 1)",True,False,False,False,P2_eightProjectionState.prefix.evenThenOdd.4,1183,1127,1.049689440993789,0.047337278106508895,1078,49,1078,105,0.08875739644970414,5,2.142857142857143,2,1,42,91,4,46,56,False,True,True,1:1078;2:44;3:4;5:1
H03,P5_twelveProjectionDistribution.prefix.oddThenEven.4,coordinate_deletion,P5_twelveProjectionDistribution,"retain (1, 3, 5, 7)",True,False,False,False,P5_twelveProjectionDistribution.prefix.oddThenEven.3,1183,1145,1.0331877729257641,0.03212172442941674,1118,27,1118,65,0.054945054945054944,5,2.4074074074074074,2,2,24,59,5,35,53,False,True,True,1:1118;2:21;3:3;4:1;5:2
H03,P2_eightProjectionState.quantize.middleVsOther,quantization,P2_eightProjectionState,middleVsOther,True,False,False,False,,1183,1151,1.0278019113814074,0.02704987320371932,1122,29,1122,61,0.05156382079459002,3,2.103448275862069,2,2,20,42,3,22,24,False,True,True,1:1122;2:26;3:3
H03,P2_eightProjectionState.prefix.evenThenOdd.6,coordinate_deletion,P2_eightProjectionState,"retain (0, 2, 4, 6, 1, 3)",True,False,False,False,P2_eightProjectionState.prefix.evenThenOdd.5,1183,1157,1.0224719101123596,0.02197802197802201,1136,21,1136,47,0.039729501267962805,5,2.238095238095238,2,1,17,39,4,20,28,False,True,True,1:1136;2:18;3:2;5:1
H03,P5_twelveProjectionDistribution.prefix.evenThenOdd.4,coordinate_deletion,P5_twelveProjectionDistribution,"retain (0, 2, 4, 6)",True,False,False,False,P5_twelveProjectionDistribution.prefix.evenThenOdd.3,1183,1159,1.0207075064710958,0.020287404902789463,1136,23,1136,47,0.039729501267962805,3,2.0434782608695654,2,2,13,26,2,13,13,False,True,True,1:1136;2:22;3:1
H03,P5_twelveProjectionDistribution.prefix.reverse.4,coordinate_deletion,P5_twelveProjectionDistribution,"retain (11, 10, 9, 8)",True,False,False,False,P5_twelveProjectionDistribution.prefix.reverse.3,1183,1170,1.011111111111111,0.01098901098901095,1157,13,1157,26,0.02197802197802198,2,2,2,1,9,18,2,9,9,False,True,True,1:1157;2:13
H03,P4_twelveProjectionState.prefix.evenThenOdd.6,coordinate_deletion,P4_twelveProjectionState,"retain (0, 2, 4, 6, 8, 10)",True,False,False,False,P4_twelveProjectionState.prefix.evenThenOdd.5,1183,1172,1.0093856655290103,0.009298393913778513,1162,10,1162,21,0.01775147928994083,3,2.1,2.0,1,7,15,3,8,9,False,True,True,1:1162;2:9;3:1
H03,P2_eightProjectionState.delete.3,coordinate_deletion,P2_eightProjectionState,delete projection 3,True,False,False,False,,1183,1175,1.0068085106382978,0.006762468300929858,1168,7,1168,15,0.01267962806424345,3,2.142857142857143,2,1,6,13,3,7,8,False,True,True,1:1168;2:6;3:1
H03,P2_eightProjectionState.delete.8,coordinate_deletion,P2_eightProjectionState,delete projection 8,True,False,False,False,,1183,1176,1.005952380952381,0.00591715976331364,1170,6,1170,13,0.01098901098901099,3,2.1666666666666665,2.0,1,5,11,3,6,7,False,True,True,1:1170;2:5;3:1
H03,P5_twelveProjectionDistribution.prefix.oddThenEven.5,coordinate_deletion,P5_twelveProjectionDistribution,"retain (1, 3, 5, 7, 9)",True,False,False,False,P5_twelveProjectionDistribution.prefix.oddThenEven.4,1183,1177,1.0050977060322854,0.005071851225697421,1172,5,1172,11,0.009298393913778529,3,2.2,2,1,4,9,3,5,6,False,True,True,1:1172;2:4;3:1
H03,P4_twelveProjectionState.route.coordinateMotifs,route_motif,P4_twelveProjectionState,ordered coordinate motif tuple,True,False,False,False,,1183,1178,1.0042444821731749,0.004226542688081203,1173,5,1173,10,0.0084530853761623,2,2,2,1,2,4,2,2,2,False,True,True,1:1173;2:5
H03,P5_twelveProjectionDistribution.prefix.evenThenOdd.5,coordinate_deletion,P5_twelveProjectionDistribution,"retain (0, 2, 4, 6, 8)",True,False,False,False,P5_twelveProjectionDistribution.prefix.evenThenOdd.4,1183,1181,1.0016934801016089,0.0016906170752324368,1179,2,1179,4,0.0033812341504649195,2,2,2.0,1,1,2,2,1,1,False,True,True,1:1179;2:2
H03,P2_eightProjectionState.prefix.evenThenOdd.8,coordinate_deletion,P2_eightProjectionState,"retain (0, 2, 4, 6, 1, 3, 5, 7)",True,False,False,False,P2_eightProjectionState.prefix.evenThenOdd.7,1183,1183,1.0,0.0,1183,0,1183,0,0.0,1,0.0,0.0,0,0,0,1,0,0,True,False,False,1:1183
H037,constant,coarse_temporal_algebra,P2_eightProjectionState,constant quotient,True,False,False,False,,748,1,748.0,0.9986631016042781,0,1,0,748,1.0,748,748,748,0,1,748,163,455,231975,False,True,True,748:1
H037,P2_eightProjectionState.transition.switchCount,transition_signature,P2_eightProjectionState,total coordinate switch count,True,False,False,False,,748,12,62.333333333333336,0.983957219251337,0,12,0,748,1.0,145,62.333333333333336,54.5,0,12,748,52,453,31115,False,True,True,3:1;6:1;7:1;15:1;37:1;47:1;62:1;69:1;110:1;118:1;129:1;145:1
H037,P5_twelveProjectionDistribution.retain.7,coordinate_deletion,P5_twelveProjectionDistribution,retain projection 7,True,False,False,False,,748,43,17.3953488372093,0.9425133689839572,4,39,4,744,0.9946524064171123,110,19.076923076923077,10,1,38,742,38,433,13198,False,True,True,1:4;2:8;3:2;4:2;5:3;6:1;7:1;8:1;9:1;10:1;11:2;14:1;15:1;16:1;17:1;19:1;24:2;29:1;31:1;33:1;37:1;44:1;48:1;54:1;58:1;64:1;110:1
H037,P2_eightProjectionState.prefix.oddThenEven.2,coordinate_deletion,P2_eightProjectionState,"retain (1, 3)",True,False,False,False,P2_eightProjectionState.prefix.oddThenEven.1,748,176,4.25,0.7647058823529411,47,129,47,701,0.9371657754010695,25,5.434108527131783,4,2,121,680,17,412,2350,False,True,True,1:47;2:25;3:27;4:17;5:17;6:13;7:7;8:3;9:7;10:1;11:2;12:2;13:2;15:1;16:1;21:1;22:2;25:1
H037,P2_eightProjectionState.prefix.reverse.2,coordinate_deletion,P2_eightProjectionState,"retain (7, 6)",True,False,False,False,P2_eightProjectionState.prefix.reverse.1,748,186,4.021505376344086,0.7513368983957219,41,145,41,707,0.9451871657754011,21,4.875862068965517,3,1,135,682,15,397,1936,False,True,True,1:41;2:44;3:29;4:14;5:11;6:14;7:10;8:4;9:4;10:4;11:3;13:2;14:1;15:1;16:2;18:1;21:1
H037,P5_twelveProjectionDistribution.prefix.reverse.1,coordinate_deletion,P5_twelveProjectionDistribution,"retain (11,)",True,False,False,False,constant,748,229,3.2663755458515285,0.6938502673796791,86,143,86,662,0.8850267379679144,18,4.629370629370629,3,3,129,631,14,362,1585,False,True,True,1:86;2:50;3:24;4:17;5:11;6:12;7:5;8:5;9:6;10:1;11:5;12:1;13:2;14:1;15:1;16:1;18:1
H037,P5_twelveProjectionDistribution.retain.8,coordinate_deletion,P5_twelveProjectionDistribution,retain projection 8,True,False,False,False,,748,249,3.004016064257028,0.6671122994652406,105,144,105,643,0.8596256684491979,18,4.465277777777778,3.0,1,133,612,15,357,1516,False,True,True,1:105;2:40;3:39;4:17;5:10;6:11;7:9;8:5;9:3;10:1;11:2;12:2;13:2;15:1;17:1;18:1
H037,P5_twelveProjectionDistribution.heterogeneity.multiCount,heterogeneity_summary,P5_twelveProjectionDistribution,multi-occupied coordinate count per time,True,False,False,False,,748,259,2.888030888030888,0.6537433155080214,128,131,128,620,0.8288770053475936,57,4.732824427480916,3,2,120,596,22,336,2729,False,True,True,1:128;2:54;3:31;4:15;5:5;6:4;7:3;8:2;9:3;10:4;12:2;13:2;15:1;19:2;21:1;25:1;57:1
H037,P5_twelveProjectionDistribution.retain.11,coordinate_deletion,P5_twelveProjectionDistribution,retain projection 11,True,False,False,False,,748,290,2.579310344827586,0.6122994652406417,147,143,147,601,0.803475935828877,26,4.2027972027972025,3,1,128,561,18,311,1374,False,True,True,1:147;2:48;3:33;4:18;5:14;6:9;7:5;8:6;9:5;12:2;14:1;18:1;26:1
H037,P5_twelveProjectionDistribution.prefix.oddThenEven.1,coordinate_deletion,P5_twelveProjectionDistribution,"retain (1,)",True,False,False,False,constant,748,315,2.3746031746031746,0.5788770053475936,143,172,143,605,0.8088235294117647,12,3.5174418604651163,3.0,2,149,548,9,310,888,False,True,True,1:143;2:69;3:48;4:14;5:12;6:15;7:7;8:2;9:1;10:2;11:1;12:1
H037,P5_twelveProjectionDistribution.retain.6,coordinate_deletion,P5_twelveProjectionDistribution,retain projection 6,True,False,False,False,,748,332,2.253012048192771,0.5561497326203209,157,175,157,591,0.7901069518716578,15,3.3771428571428572,3,1,157,550,12,301,877,False,True,True,1:157;2:75;3:44;4:29;5:9;6:6;7:2;8:2;9:5;11:2;15:1
H037,P5_twelveProjectionDistribution.retain.5,coordinate_deletion,P5_twelveProjectionDistribution,retain projection 5,True,False,False,False,,748,335,2.2328358208955223,0.5521390374331551,169,166,169,579,0.7740641711229946,13,3.4879518072289155,2.0,2,146,531,10,292,938,False,True,True,1:169;2:85;3:25;4:20;5:13;6:9;7:2;8:3;9:3;10:2;12:2;13:2
H037,P2_eightProjectionState.prefix.source.2,coordinate_deletion,P2_eightProjectionState,"retain (0, 1)",True,False,False,False,P2_eightProjectionState.prefix.source.1,748,398,1.879396984924623,0.4679144385026738,208,190,208,540,0.7219251336898396,9,2.8421052631578947,2.0,2,162,479,7,276,554,False,True,True,1:208;2:100;3:51;4:24;5:7;6:4;7:1;8:2;9:1
H037,P2_eightProjectionState.transition.histogram,transition_signature,P2_eightProjectionState,signed transition histograms,True,False,False,False,,748,410,1.824390243902439,0.4518716577540107,235,175,235,513,0.6858288770053476,11,2.9314285714285715,2,1,156,473,7,265,574,False,True,True,1:235;2:96;3:38;4:19;5:11;6:7;7:2;9:1;11:1
H037,P2_eightProjectionState.prefix.evenThenOdd.2,coordinate_deletion,P2_eightProjectionState,"retain (0, 2)",True,False,False,False,P2_eightProjectionState.prefix.evenThenOdd.1,748,412,1.8155339805825244,0.44919786096256686,219,193,219,529,0.7072192513368984,8,2.7409326424870466,2,1,166,471,7,262,512,False,True,True,1:219;2:120;3:36;4:21;5:6;6:4;7:5;8:1
H037,P5_twelveProjectionDistribution.heterogeneity.total,heterogeneity_summary,P5_twelveProjectionDistribution,total occupancy per time,True,False,False,False,,748,525,1.4247619047619047,0.2981283422459893,434,91,434,314,0.4197860962566845,57,3.4505494505494507,2,1,83,298,13,135,1333,False,True,True,1:434;2:66;3:9;4:5;5:2;6:1;7:2;8:1;9:2;10:1;12:1;57:1
H037,P5_twelveProjectionDistribution.heterogeneity.spectrum,heterogeneity_summary,P5_twelveProjectionDistribution,occupancy spectrum per time,True,False,False,False,,748,594,1.2592592592592593,0.20588235294117652,542,52,542,206,0.27540106951871657,57,3.9615384615384617,2.0,1,42,183,13,81,1201,False,True,True,1:542;2:37;3:3;4:5;5:2;7:1;8:1;9:1;12:1;57:1
H037,P5_twelveProjectionDistribution.heterogeneity.turnover,heterogeneity_summary,P5_twelveProjectionDistribution,signed occupancy turnover,True,False,False,False,,748,647,1.1561051004636784,0.13502673796791442,632,15,632,116,0.15508021390374332,58,7.733333333333333,3,2,13,112,14,53,1300,False,True,True,1:632;2:7;3:4;4:1;8:1;20:1;58:1
H037,P5_twelveProjectionDistribution.heterogeneity.coordinateHistory,heterogeneity_summary,P5_twelveProjectionDistribution,coordinatewise occupancy history,True,False,False,False,,748,686,1.0903790087463556,0.08288770053475936,679,7,679,69,0.09224598930481283,57,9.857142857142858,2,1,5,65,13,30,1075,False,True,True,1:679;2:6;57:1
H037,P2_eightProjectionState.prefix.evenThenOdd.3,coordinate_deletion,P2_eightProjectionState,"retain (0, 2, 4)",True,False,False,False,P2_eightProjectionState.prefix.evenThenOdd.2,748,718,1.041782729805014,0.0401069518716578,690,28,690,58,0.07754010695187166,3,2.0714285714285716,2.0,1,23,47,3,24,25,False,True,True,1:690;2:26;3:2
H037,P5_twelveProjectionDistribution.prefix.source.2,coordinate_deletion,P5_twelveProjectionDistribution,"retain (0, 1)",True,False,False,False,P5_twelveProjectionDistribution.prefix.source.1,748,727,1.0288858321870702,0.02807486631016043,707,20,707,41,0.05481283422459893,3,2.05,2.0,1,16,32,2,16,16,False,True,True,1:707;2:19;3:1
H037,P4_twelveProjectionState.route.motifHistogram,route_motif,P4_twelveProjectionState,route motif histogram,True,False,False,False,,748,736,1.016304347826087,0.016042780748663055,724,12,724,24,0.03208556149732621,2,2,2.0,2,10,20,2,10,10,False,True,True,1:724;2:12
H037,P2_eightProjectionState.prefix.reverse.4,coordinate_deletion,P2_eightProjectionState,"retain (7, 6, 5, 4)",True,False,False,False,P2_eightProjectionState.prefix.reverse.3,748,739,1.0121786197564275,0.012032085561497374,730,9,730,18,0.02406417112299465,2,2,2,2,7,14,2,7,7,False,True,True,1:730;2:9
H037,P2_eightProjectionState.prefix.evenThenOdd.4,coordinate_deletion,P2_eightProjectionState,"retain (0, 2, 4, 6)",True,False,False,False,P2_eightProjectionState.prefix.evenThenOdd.3,748,743,1.0067294751009421,0.006684491978609652,738,5,738,10,0.013368983957219251,2,2,2,0,5,10,2,5,5,False,True,True,1:738;2:5
H037,P4_twelveProjectionState.prefix.reverse.4,coordinate_deletion,P4_twelveProjectionState,"retain (11, 10, 9, 8)",True,False,False,False,P4_twelveProjectionState.prefix.reverse.3,748,744,1.0053763440860215,0.005347593582887722,740,4,740,8,0.0106951871657754,2,2,2.0,1,3,6,2,3,3,False,True,True,1:740;2:4
H037,P2_eightProjectionState.prefix.reverse.5,coordinate_deletion,P2_eightProjectionState,"retain (7, 6, 5, 4, 3)",True,False,False,False,P2_eightProjectionState.prefix.reverse.4,748,745,1.0040268456375838,0.004010695187165791,742,3,742,6,0.008021390374331552,2,2,2,1,2,4,2,2,2,False,True,True,1:742;2:3
H037,P2_eightProjectionState.prefix.evenThenOdd.5,coordinate_deletion,P2_eightProjectionState,"retain (0, 2, 4, 6, 1)",True,False,False,False,P2_eightProjectionState.prefix.evenThenOdd.4,748,747,1.001338688085676,0.0013368983957219305,746,1,746,2,0.00267379679144385,2,2,2,0,1,2,2,1,1,False,True,True,1:746;2:1
H037,P2_eightProjectionState.delete.1,coordinate_deletion,P2_eightProjectionState,delete projection 1,True,False,False,False,,748,748,1.0,0.0,748,0,748,0,0.0,1,0.0,0.0,0,0,0,1,0,0,True,False,False,1:748
