classResolutionArea,pairDiscriminationArea,lineagePersistenceArea,giantHalfDepth,giantQuarterDepth,iteration,criticalSupportCount
107.50000000000013,109.82205513784464,69.63870967741926,1,2,0,19
107.63684210526321,109.81576162628802,70.04451612903219,1,2,1,16
107.54210526315815,109.82812587023113,69.73612903225806,1,2,2,17
107.6315789473687,109.8548036758563,69.61354838709686,1,2,3,17
107.6368421052633,109.84711779448627,69.29806451612887,1,1,4,17
107.64210526315811,109.85541631857421,69.7903225806451,1,2,5,15
107.65789473684225,109.85112781954892,69.44903225806449,1,2,6,16
107.50526315789502,109.81776663881928,68.40064516129043,1,2,7,19
107.45263157894753,109.83842940685048,69.35935483870972,1,2,8,17
107.48947368421082,109.85368978000557,69.27096774193545,1,2,9,17
107.55789473684231,109.86750208855473,69.31612903225796,1,2,10,16
107.62105263157913,109.88265107212476,69.9141935483872,1,2,11,17
107.6157894736844,109.9169590643275,70.40516129032254,1,1,12,17
107.78947368421069,109.91038707880816,69.35032258064517,1,1,13,16
107.55789473684231,109.82595377332223,69.576129032258,1,2,14,19
107.64736842105283,109.83959899749377,68.69354838709678,1,1,15,19
107.57894736842134,109.88538011695906,68.91354838709671,1,2,16,16
107.53684210526333,109.86805903648012,70.05870967741939,1,2,17,17
107.52105263157905,109.85736563631308,68.79677419354837,1,2,18,18
107.51578947368445,109.80022277917016,69.0780645161291,1,2,19,16
107.65263157894753,109.85619604566975,69.75870967741936,1,1,20,17
107.53157894736863,109.80896686159845,69.27548387096785,1,2,21,18
107.61052631578961,109.85625174046231,68.87870967741931,1,2,22,16
107.58947368421074,109.82495126705653,69.84580645161293,1,2,23,18
107.56842105263186,109.8129768866611,68.36903225806446,1,2,24,19
107.65789473684221,109.8546365914788,69.15032258064512,1,2,25,16
107.70000000000013,109.87908660540246,68.69870967741925,1,1,26,19
107.53684210526328,109.86794764689506,70.18838709677411,1,2,27,18
107.55263157894757,109.87251461988308,68.53032258064506,1,2,28,19
107.68947368421072,109.87992202729046,69.63161290322584,1,2,29,17
107.52631578947383,109.9116680590365,70.4335483870967,1,2,30,18
107.69473684210541,109.87813979392931,69.82903225806447,1,1,31,17
107.63684210526336,109.83792815371766,69.1232258064516,1,2,32,16
107.5315789473687,109.83263714842663,69.11741935483882,1,2,33,17
107.51052631578969,109.82445001392371,69.61096774193534,1,2,34,18
107.55263157894753,109.83703703703706,69.77161290322593,1,2,35,17
107.68947368421074,109.89479253689782,69.10064516129029,1,1,36,18
107.42105263157909,109.80211640211644,69.72838709677417,1,2,37,17
107.62631578947388,109.86655527708163,68.63290322580636,1,2,38,15
107.51578947368448,109.84605959342802,69.27483870967754,1,2,39,16
107.60000000000016,109.87323865218606,69.15870967741928,1,2,40,16
107.65789473684231,109.8768031189084,70.21290322580643,1,2,41,17
107.53684210526332,109.87234753550547,69.96322580645159,1,2,42,17
107.66315789473707,109.83475355054306,68.73612903225808,1,2,43,17
107.71052631578975,109.86343636869952,68.70903225806461,1,2,44,18
107.53157894736862,109.82378167641326,69.3406451612902,1,2,45,16
107.45263157894752,109.81280980228354,69.40064516129021,1,2,46,18
107.57368421052654,109.85781119465332,69.24258064516117,1,2,47,19
107.6052631578949,109.8503480924534,68.54,1,2,48,17
107.61052631578966,109.86143135616824,68.96258064516127,1,2,49,19
107.63157894736862,109.83525480367588,69.27354838709668,1,2,50,17
107.50526315789486,109.85853522695632,69.99806451612912,1,2,51,18
107.57894736842124,109.85352269562797,69.90064516129014,1,2,52,17
107.61052631578964,109.84678362573104,69.08967741935486,1,2,53,18
107.68421052631598,109.82717905875808,69.01935483870959,1,1,54,17
107.43684210526337,109.87145641882489,71.17354838709672,1,1,55,17
107.51578947368446,109.86950710108607,69.73032258064518,1,2,56,16
107.71578947368447,109.86115288220553,68.87419354838725,1,2,57,17
107.56842105263173,109.81442495126711,68.53225806451604,1,2,58,17
107.56315789473709,109.83107769423559,69.38193548387102,1,2,59,18
107.65789473684238,109.86649958228905,70.05677419354835,1,1,60,16
107.56315789473705,109.89128376496798,70.11999999999992,1,2,61,17
107.55263157894758,109.8594263436369,68.83999999999999,1,2,62,18
107.5368421052633,109.84043441938184,69.14709677419354,1,2,63,16
107.68421052631585,109.84745196324153,69.72516129032256,1,1,64,15
107.66315789473707,109.85586187691452,68.97483870967743,1,2,65,18
107.61052631578968,109.85279866332499,69.20709677419357,1,2,66,17
107.48947368421076,109.84778613199667,69.45548387096781,1,2,67,19
107.60000000000025,109.85502645502648,69.06129032258069,1,2,68,18
107.6263157894739,109.86209969367864,69.52193548387092,1,2,69,16
107.71052631578948,109.81709830130895,69.450322580645,1,2,70,18
107.66315789473705,109.80751879699251,68.66258064516127,1,2,71,18
107.50526315789499,109.8223336118073,69.6909677419354,1,2,72,19
107.60526315789487,109.88727373990537,69.48903225806441,1,1,73,16
107.6263157894738,109.86560846560853,69.23612903225806,1,2,74,16
107.54210526315805,109.8174881648566,69.91225806451612,1,2,75,17
107.57894736842127,109.80607073238654,69.06709677419364,1,2,76,17
107.56842105263176,109.90504037872462,69.6632258064515,1,2,77,17
107.61578947368439,109.83703703703706,69.25548387096764,1,2,78,17
107.71052631578964,109.8740183792816,69.14193548387097,1,1,79,17
107.5473684210528,109.79214703425235,68.73032258064497,1,2,80,17
107.6578947368423,109.81119465329996,69.27354838709675,1,2,81,18
107.64736842105289,109.84255082149821,68.71419354838719,1,2,82,18
107.60526315789483,109.84294068504603,69.16580645161305,1,2,83,17
107.67894736842119,109.85847953216377,69.79935483870956,1,2,84,15
107.62105263157912,109.86182121971599,69.34258064516136,1,2,85,17
107.6473684210527,109.9152325257589,70.28709677419366,1,2,86,17
107.55263157894761,109.81052631578949,69.64000000000003,1,1,87,18
107.54210526315812,109.8495126705653,69.30000000000005,1,2,88,19
107.56842105263172,109.79688109161799,69.06387096774193,1,2,89,18
107.48947368421062,109.86789195210254,69.55677419354845,1,2,90,17
107.47894736842123,109.82701197438041,69.07354838709682,1,2,91,19
107.54210526315808,109.85942634363688,69.54967741935482,1,2,92,18
107.58421052631591,109.8183235867447,68.97999999999999,1,2,93,19
107.56842105263176,109.86165413533838,69.23870967741925,1,2,94,18
107.53157894736866,109.85625174046227,69.88387096774186,1,2,95,17
107.54736842105292,109.90504037872459,69.3522580645162,1,2,96,18
107.58421052631608,109.88393205235309,69.24967741935478,1,2,97,17
107.6315789473687,109.81169590643275,69.32709677419368,1,2,98,19
107.65789473684235,109.86215538847118,69.79225806451616,1,2,99,17
107.63157894736867,109.84310776942357,69.39741935483876,1,2,100,17
107.57894736842111,109.8377610693401,69.18516129032267,1,2,101,18
107.62105263157913,109.82506265664163,69.96258064516135,1,2,102,17
107.59473684210553,109.82216652742967,69.0658064516129,1,2,103,16
107.55263157894747,109.79715956558067,69.15419354838704,1,2,104,18
107.5157894736844,109.80902255639099,69.18903225806449,1,2,105,17
107.65263157894756,109.8712336396547,70.15290322580648,1,1,106,17
107.60526315789498,109.86310219994431,68.4000000000001,1,2,107,18
107.63157894736868,109.83107769423557,69.34838709677429,1,2,108,17
107.56315789473712,109.832470064049,68.72709677419346,1,2,109,18
107.48421052631592,109.86343636869955,70.37354838709669,1,2,110,19
107.70526315789499,109.83274853801173,68.97290322580633,1,1,111,17
107.55789473684231,109.85318852687274,69.45161290322572,1,2,112,17
107.70526315789493,109.82199944305209,69.56580645161296,1,2,113,15
107.70000000000027,109.86176552492343,68.59161290322592,1,2,114,18
107.6263157894739,109.84366471734893,69.84774193548375,1,2,115,17
107.58421052631594,109.8006683375105,68.1625806451612,1,2,116,17
107.4947368421055,109.81598440545808,69.23032258064512,1,2,117,17
107.63684210526343,109.81158451684769,69.53225806451614,1,2,118,16
107.6578947368424,109.87780562517403,68.68064516129029,1,2,119,18
107.67368421052649,109.84026733500421,69.03096774193534,1,2,120,17
107.66842105263186,109.813589529379,69.11161290322585,1,2,121,17
107.6210526315792,109.86755778334727,68.90580645161285,1,2,122,18
107.71578947368437,109.88632692843223,69.65870967741941,1,1,123,15
107.52631578947373,109.87362851573384,69.15612903225818,1,2,124,17
107.61052631578976,109.86293511556669,68.54258064516118,1,2,125,16
107.5000000000002,109.83792815371764,69.29741935483882,1,2,126,17
107.484210526316,109.87145641882486,70.42322580645147,1,2,127,18
107.5473684210528,109.85864661654139,69.8458064516128,1,2,128,17
107.6473684210528,109.85435811751603,70.12967741935488,1,2,129,17
107.7210526315792,109.91306042884992,69.88129032258051,1,2,130,18
107.57368421052647,109.80406571985525,69.1380645161291,1,2,131,18
107.5315789473687,109.82144249512672,69.53161290322569,1,2,132,16
107.70000000000023,109.92291840712896,69.46645161290324,1,2,133,18
107.72105263157913,109.8946811473128,68.61032258064505,1,2,134,16
107.58947368421065,109.82439431913123,69.2483870967742,1,2,135,18
107.61578947368433,109.80707323865225,69.02967741935491,1,2,136,18
107.6105263157897,109.8529657477026,70.06258064516125,1,2,137,15
107.58947368421057,109.86081871345039,70.0477419354838,1,2,138,18
107.68947368421074,109.86794764689502,69.76129032258075,1,2,139,15
107.56315789473712,109.80657198551937,69.95483870967749,1,2,140,17
107.56842105263183,109.89429128376499,69.30322580645155,1,1,141,18
107.74210526315808,109.8876079086606,68.75483870967746,1,2,142,16
107.62105263157919,109.83943191311613,68.5083870967742,1,2,143,18
107.61578947368442,109.84455583402955,69.14967741935486,1,2,144,16
107.60000000000018,109.8717905875801,69.23870967741925,1,2,145,17
107.59473684210543,109.86850459482042,69.14967741935487,1,2,146,17
107.53684210526337,109.8108604845447,69.04387096774208,1,2,147,17
107.57894736842123,109.82779170147593,69.5361290322579,1,2,148,15
107.68421052631605,109.85157337788918,68.64580645161294,1,2,149,16
107.5947368421055,109.83057644110276,68.83612903225799,1,2,150,16
107.5789473684212,109.87897521581735,70.20516129032262,1,2,151,18
107.51578947368438,109.87095516569201,69.89999999999995,1,2,152,18
107.55263157894748,109.90169869117243,69.2961290322581,1,2,153,18
107.57894736842123,109.88025619604569,68.76193548387101,1,2,154,18
107.50526315789493,109.85569479253692,70.17161290322579,1,2,155,17
107.56315789473709,109.81514898357003,68.6245161290323,1,2,156,18
107.57894736842123,109.8624338624339,68.70193548387095,1,2,157,18
107.58947368421077,109.80011138958507,69.34322580645151,1,2,158,18
107.52631578947391,109.81091617933723,68.92322580645158,1,2,159,18
107.67368421052655,109.83926482873855,69.03290322580655,1,2,160,18
107.68421052631605,109.8612642717906,68.5548387096775,1,2,161,16
107.59473684210549,109.85519353940408,69.37806451612893,1,2,162,18
107.63684210526334,109.89434697855752,69.12064516129024,1,2,163,16
107.3736842105264,109.80551378446121,69.20774193548384,1,2,164,19
107.67894736842129,109.86577554998611,69.3664516129032,1,2,165,17
107.65263157894753,109.88287385129496,69.66580645161308,1,2,166,17
107.64736842105276,109.85786688944589,68.99612903225797,1,1,167,18
107.61578947368443,109.87507658033977,69.1851612903226,1,2,168,19
107.6368421052634,109.80233918128656,68.92838709677402,1,2,169,15
107.52105263157915,109.82244500139238,69.24967741935474,1,2,170,19
107.64736842105275,109.85931495405185,69.13032258064533,1,2,171,17
107.61578947368433,109.83686995265946,70.30903225806448,1,2,172,17
107.63684210526344,109.83553327763853,69.19870967741933,1,2,173,17
107.67368421052647,109.8726817042607,69.8541935483871,1,2,174,16
107.54210526315802,109.81810080757454,69.32967741935478,1,2,175,16
107.52105263157911,109.8862712336397,68.78064516129035,1,2,176,18
107.58947368421082,109.80133667502088,68.1980645161291,1,2,177,17
107.61052631578974,109.83998886104149,69.38580645161288,1,2,178,17
107.63684210526337,109.83670286828186,68.08258064516119,1,2,179,15
107.60526315789488,109.84522417154,69.80129032258084,1,2,180,17
107.62631578947378,109.88253968253974,69.23999999999985,1,1,181,18
107.58947368421077,109.80584795321637,69.0709677419354,1,2,182,18
107.63157894736864,109.8615427457533,68.63741935483857,1,2,183,18
107.663157894737,109.85040378724597,68.65677419354836,1,2,184,16
107.7789473684213,109.88983570036203,69.3116129032258,1,2,185,14
107.54736842105278,109.82127541074912,69.59161290322572,1,1,186,18
107.64736842105287,109.86287942077418,68.8664516129033,1,2,187,16
107.67368421052662,109.84778613199664,68.41806451612906,1,2,188,15
107.64736842105285,109.83870788081316,69.61548387096789,1,2,189,18
107.45263157894763,109.80439988861042,69.68516129032247,1,2,190,17
107.52631578947387,109.88883319409636,69.66838709677415,1,2,191,19
107.68947368421075,109.9001949317739,69.33290322580646,1,2,192,17
107.51052631578966,109.87490949596214,69.3367741935484,1,2,193,18
107.68421052631605,109.84940128098025,69.147741935484,1,1,194,19
107.61578947368447,109.85073795600113,68.68838709677429,1,2,195,18
107.53684210526343,109.84399888610415,69.03032258064506,1,2,196,16
107.51052631578962,109.90331384015596,70.11225806451618,1,1,197,18
107.67368421052646,109.84049011417439,69.19032258064512,1,2,198,19
107.5526315789476,109.82367028682819,69.1148387096774,1,2,199,18
107.59473684210546,109.88398774714565,70.24387096774205,1,2,200,18
107.63157894736865,109.83971038707882,68.61096774193547,1,2,201,16
107.56842105263168,109.85235310498472,70.12193548387083,1,2,202,16
107.55789473684224,109.89991645781124,69.24709677419338,1,2,203,18
107.48947368421068,109.82305764411029,69.85548387096756,1,2,204,18
107.55263157894754,109.8408799777221,71.2980645161291,1,1,205,17
107.38421052631597,109.7919799498747,69.29419354838713,1,2,206,17
107.60526315789497,109.85419103313842,68.79419354838713,1,2,207,16
107.55263157894751,109.86633249791147,69.97354838709686,1,2,208,16
107.63157894736862,109.84734057365638,69.1587096774194,1,2,209,16
107.56842105263176,109.80228348649403,69.0890322580646,1,2,210,19
107.70000000000019,109.85786688944589,68.73935483870969,1,2,211,17
107.61578947368442,109.86482873851295,70.10064516129044,1,1,212,16
107.6631578947371,109.90091896407687,68.97806451612912,1,1,213,19
107.74210526315817,109.84605959342802,68.58774193548383,1,2,214,18
107.5052631578949,109.88549150654417,69.4187096774193,1,2,215,18
107.48421052631598,109.83052074631024,70.01225806451615,1,2,216,19
107.52631578947386,109.81392369813426,68.84322580645157,1,2,217,18
107.6894736842107,109.86321358952945,68.52387096774193,1,1,218,17
107.55789473684226,109.79883040935677,69.1212903225806,1,2,219,18
107.49473684210537,109.82929546087443,70.29354838709676,1,2,220,18
107.51578947368438,109.82489557226401,69.91483870967727,1,2,221,17
107.45263157894759,109.80996936786413,69.74193548387092,1,2,222,18
107.5210526315792,109.81069340016708,68.87225806451619,1,2,223,17
107.58421052631603,109.81938178780285,68.56193548387101,1,2,224,16
107.61578947368439,109.86811473127266,69.376129032258,1,1,225,17
107.52631578947387,109.83029796714008,69.26709677419366,1,2,226,16
107.53157894736853,109.82935115566698,69.35483870967742,1,2,227,17
107.62631578947386,109.83692564745199,70.15032258064511,1,2,228,17
107.63157894736861,109.92904483430802,69.43806451612896,1,2,229,17
107.44210526315806,109.82411584516849,70.18645161290323,1,2,230,18
107.57368421052641,109.86544138123094,69.25419354838714,1,2,231,20
107.58947368421067,109.84656084656089,69.42129032258067,1,2,232,17
107.61052631578971,109.90091896407687,69.96193548387097,1,2,233,19
107.56842105263182,109.81910331384017,68.60967741935474,1,2,234,18
107.6157894736845,109.86287942077415,69.64709677419353,1,1,235,16
107.6157894736843,109.8788081314398,69.59483870967752,1,2,236,15
107.51578947368442,109.82138680033418,69.21870967741926,1,1,237,17
107.59473684210535,109.84672793093853,69.66709677419362,1,2,238,16
107.70000000000024,109.83319409635202,68.44903225806456,1,2,239,18
107.66842105263177,109.88326371484268,69.77419354838709,1,2,240,17
107.58421052631606,109.8519075466444,69.43870967741942,1,2,241,16
107.65789473684235,109.84572542467279,69.14709677419359,1,1,242,18
107.5578947368422,109.8528543581176,69.3174193548386,1,2,243,17
107.56842105263175,109.8766360345308,69.39741935483868,1,2,244,18
107.66315789473704,109.88387635756061,68.93096774193546,1,2,245,17
107.56842105263162,109.82812587023123,69.65161290322573,1,2,246,18
107.51052631578973,109.82634363686996,69.50258064516132,1,2,247,15
107.50000000000028,109.82422723475356,69.74129032258058,1,2,248,16
107.56842105263178,109.85875800612642,69.37225806451605,1,2,249,17
107.68947368421071,109.82043998886108,68.885806451613,1,2,250,17
107.53684210526336,109.84800891116681,69.43999999999988,1,2,251,17
107.48947368421072,109.83113338902814,69.79096774193542,1,2,252,17
107.55789473684229,109.84132553606241,69.17483870967749,1,2,253,19
107.66315789473715,109.8273461431356,69.09870967741921,1,2,254,19
107.50000000000017,109.79159008632696,68.44903225806442,1,2,255,17
107.65263157894756,109.88827624617103,69.13483870967735,1,2,256,17
107.605263157895,109.91233639654692,69.63483870967742,1,2,257,19
107.47894736842129,109.84455583402953,70.50580645161278,1,2,258,18
107.55263157894754,109.81058201058207,68.38451612903229,1,2,259,17
107.63157894736861,109.86638819270402,69.66387096774193,1,1,260,19
107.55789473684233,109.86287942077416,69.57548387096767,1,2,261,18
107.56842105263169,109.89106098579788,69.33354838709674,1,2,262,18
107.67894736842129,109.89050403787246,69.37419354838705,1,1,263,17
107.54210526315813,109.81336675020886,68.816129032258,1,2,264,15
107.66315789473698,109.93027011974384,70.35935483870962,1,2,265,17
107.56315789473696,109.80562517404631,68.77096774193546,1,2,266,19
107.51578947368436,109.81091617933727,69.66903225806449,1,2,267,19
107.63157894736857,109.8813143971039,69.7167741935484,1,2,268,16
107.53684210526333,109.79871901977167,69.27161290322582,1,2,269,18
107.57368421052651,109.83118908382066,69.88193548387089,1,2,270,18
107.50526315789487,109.86889445836817,69.86774193548385,1,2,271,19
107.6368421052634,109.86310219994431,69.98387096774195,1,2,272,16
107.6000000000002,109.81475912002227,69.7329032258064,1,2,273,16
107.55263157894755,109.84862155388473,70.1477419354839,1,2,274,17
107.57894736842125,109.93338902812589,69.83677419354835,1,2,275,18
107.6368421052633,109.82678919521031,69.00451612903238,1,2,276,17
107.58947368421072,109.85302144249515,69.56322580645153,1,2,277,16
107.55263157894758,109.91690336953495,69.42967741935473,1,2,278,19
107.64210526315806,109.85669729880262,69.36322580645154,1,2,279,15
107.56315789473709,109.8827067669173,69.15935483870976,1,2,280,16
107.67368421052652,109.89289891395158,68.4696774193548,1,2,281,18
107.60526315789501,109.8369813422445,68.47290322580655,1,2,282,17
107.64736842105285,109.84483430799222,69.64387096774193,1,2,283,18
107.56315789473713,109.81604010025062,68.34967741935486,1,2,284,19
107.56842105263176,109.83848510164302,69.45935483870973,1,2,285,18
107.5842105263159,109.87568922305769,70.21806451612903,1,2,286,16
107.54210526315809,109.83118908382069,69.4709677419353,1,2,287,19
107.51578947368436,109.83068783068786,69.28709677419357,1,2,288,18
107.50526315789494,109.85742133110556,69.96967741935478,1,2,289,18
107.46842105263181,109.84700640490115,69.70451612903229,1,2,290,16
107.64210526315803,109.88454469507104,70.15935483870966,1,2,291,15
107.60000000000021,109.80295182400448,68.7606451612904,1,2,292,16
107.60526315789487,109.85664160401005,69.65096774193546,1,2,293,17
107.72631578947393,109.85446950710111,68.94258064516123,1,2,294,17
107.72105263157913,109.81810080757455,69.074193548387,1,2,295,18
107.5157894736844,109.85196324143695,68.9109677419355,1,2,296,17
107.64736842105276,109.86772486772492,69.81096774193551,1,1,297,18
107.61578947368432,109.82144249512676,70.11290322580643,1,1,298,17
107.5736842105266,109.86872737399055,69.63612903225805,1,2,299,15
107.58421052631599,109.83191311612364,69.39419354838701,1,2,300,17
107.55789473684233,109.86532999164581,69.33935483870967,1,2,301,18
107.67894736842112,109.83074352548046,68.99999999999991,1,1,302,17
107.642105263158,109.84438874965198,69.22451612903211,1,2,303,17
107.62631578947398,109.85641882483988,68.81225806451617,1,2,304,17
107.64736842105283,109.84739626844892,69.89032258064525,1,2,305,18
107.58421052631597,109.81392369813429,68.00258064516116,1,2,306,17
107.68421052631598,109.88872180451132,69.30903225806449,1,2,307,18
107.49473684210535,109.88164856585917,69.57999999999998,1,2,308,16
107.67368421052649,109.83748259537737,69.7490322580645,1,2,309,15
107.61578947368434,109.87886382623229,70.01741935483867,1,2,310,17
107.65263157894746,109.8497354497355,69.69096774193544,1,1,311,17
107.55789473684226,109.91439710387081,69.72129032258051,1,2,312,18
107.52105263157912,109.80350877192984,69.6890322580645,1,2,313,18
107.60526315789492,109.83130047340578,69.03806451612903,1,2,314,18
107.65263157894766,109.87646895015315,69.40451612903237,1,2,315,18
107.66842105263169,109.8723475355055,68.99290322580642,1,2,316,17
107.57368421052655,109.80696184906712,69.05354838709675,1,2,317,17
107.58947368421076,109.8200501253133,68.81483870967747,1,2,318,19
107.33684210526336,109.80194931773883,70.34387096774199,1,2,319,18
107.51578947368444,109.80623781676414,69.47354838709678,1,2,320,18
107.67894736842113,109.85430242272353,70.26258064516138,1,1,321,18
107.54210526315815,109.91049846839323,69.17161290322589,1,2,322,16
107.49473684210543,109.84511278195492,68.67806451612894,1,2,323,16
107.61052631578958,109.87251461988309,69.74258064516135,1,2,324,18
107.55789473684223,109.8432748538012,70.53161290322574,1,2,325,17
107.60000000000012,109.81715399610142,70.42774193548388,1,2,326,16
107.45263157894756,109.82066276803123,70.32129032258064,1,2,327,18
107.53157894736862,109.87680311890841,69.02387096774196,1,2,328,19
107.63157894736864,109.83865218602061,69.01935483870967,1,1,329,17
107.58421052631594,109.83932052353107,69.64516129032259,1,2,330,16
107.59473684210546,109.87301587301593,69.01419354838718,1,2,331,18
107.47894736842123,109.80183792815374,69.10387096774195,1,1,332,17
107.70000000000027,109.89206349206351,69.21677419354846,1,1,333,17
107.58947368421073,109.81520467836258,69.81870967741932,1,2,334,19
107.65789473684232,109.91166805903649,69.48322580645147,1,2,335,18
107.53684210526329,109.94146477304378,69.34129032258072,1,2,336,18
107.57368421052655,109.8754664438875,69.885806451613,1,2,337,16
107.60000000000011,109.85229741019218,70.42903225806444,1,2,338,18
107.55789473684227,109.80852130325816,70.06387096774198,1,2,339,17
107.53684210526339,109.90130882762462,69.71161290322576,1,2,340,19
107.5052631578949,109.81236424394325,68.31870967741932,1,2,341,21
107.6052631578949,109.8660540239488,69.17870967741929,1,2,342,18
107.50526315789487,109.83369534948487,69.39225806451606,1,2,343,19
107.60526315789494,109.85558340295184,69.26322580645156,1,2,344,17
107.56842105263166,109.876134781398,69.72645161290308,1,2,345,18
107.4578947368423,109.81397939292677,69.37548387096786,1,2,346,18
107.71052631578966,109.84366471734897,69.15806451612899,1,2,347,17
107.53684210526332,109.83987747145645,69.48193548387104,1,2,348,17
107.55789473684221,109.86198830409361,69.91290322580633,1,2,349,18
107.62631578947389,109.82868281815652,69.08967741935487,1,2,350,18
107.60526315789495,109.81631857421335,68.42193548387088,1,2,351,16
107.51052631578966,109.83932052353107,70.79290322580651,1,2,352,18
107.56315789473705,109.88994708994711,71.12129032258076,1,2,353,17
107.52631578947391,109.83196881091618,69.5870967741935,1,2,354,17
107.69473684210553,109.80289612921193,68.78838709677433,1,2,355,16
107.6157894736844,109.84154831523256,68.78387096774196,1,2,356,16
107.63684210526343,109.85413533834586,69.16645161290329,1,2,357,16
107.69473684210546,109.84867724867732,67.47677419354841,1,2,358,19
107.663157894737,109.87145641882488,70.21419354838706,1,2,359,16
107.7789473684212,109.87023113338911,69.29419354838704,1,2,360,17
107.53684210526336,109.82923976608188,70.04193548387097,1,2,361,18
107.68947368421072,109.83620161514901,68.9909677419354,1,2,362,17
107.62105263157923,109.83525480367585,69.17290322580662,1,2,363,19
107.5421052631581,109.80802005012534,69.38129032258065,1,2,364,16
107.50000000000024,109.80339738234476,69.12322580645149,1,2,365,20
107.41578947368437,109.77616262879424,68.26903225806457,1,2,366,18
107.54736842105278,109.81203007518802,68.89548387096771,1,2,367,19
107.54210526315809,109.83068783068784,70.15935483870965,1,2,368,18
107.61052631578967,109.84895572263996,69.4735483870968,1,2,369,18
107.58421052631603,109.80957950431637,68.1993548387097,1,2,370,18
107.62105263157919,109.84600389863552,68.33677419354832,1,2,371,18
107.61578947368443,109.80657198551937,69.4496774193549,1,2,372,19
107.55789473684227,109.79805068226122,69.76645161290334,1,2,373,17
107.5947368421054,109.92152603731554,69.76580645161289,1,2,374,18
107.65789473684231,109.83308270676696,68.91999999999993,1,2,375,17
107.58421052631591,109.84171539961018,69.26193548387099,1,2,376,17
107.54736842105278,109.84132553606244,68.79612903225808,1,2,377,17
107.71052631578975,109.8280701754386,68.80193548387084,1,2,378,17
107.60526315789484,109.83881927039828,69.77548387096773,1,2,379,17
107.42631578947397,109.84945697577278,69.11870967741943,1,2,380,19
107.56842105263189,109.83525480367585,69.02322580645159,1,2,381,17
107.60000000000014,109.86705653021448,69.11096774193561,1,2,382,18
107.5105263157896,109.87151211361743,69.1406451612903,1,2,383,16
107.53157894736862,109.83035366193262,69.9258064516129,1,2,384,17
107.53157894736852,109.83157894736848,68.65419354838716,1,2,385,18
107.57894736842121,109.85034809245337,70.05999999999996,1,2,386,19
107.60526315789494,109.90002784739629,69.91096774193538,1,2,387,17
107.56842105263178,109.82160957950434,68.33677419354838,1,2,388,17
107.52631578947394,109.82862712336397,68.93354838709675,1,2,389,18
107.5105263157897,109.80016708437763,69.012258064516,1,2,390,18
107.56315789473703,109.82734614313566,69.3767741935484,1,2,391,18
107.58421052631596,109.81754385964913,69.70774193548384,1,2,392,17
107.6842105263161,109.85563909774434,69.19935483870974,1,2,393,17
107.66842105263187,109.89033695349485,69.38193548387102,1,2,394,15
107.66842105263184,109.87546644388749,68.5587096774193,1,2,395,16
107.56315789473697,109.87869674185467,69.83870967741927,1,2,396,19
107.42631578947396,109.83514341409082,69.93419354838726,1,2,397,17
107.64736842105292,109.82071846282372,68.6012903225808,1,2,398,16
107.7368421052634,109.81559454191033,68.95483870967746,1,2,399,16
107.56315789473705,109.87969924812032,69.48193548387096,1,2,400,16
107.6526315789476,109.9139515455305,69.47483870967744,1,2,401,17
107.6210526315791,109.86449456975777,69.90838709677415,1,2,402,17
107.52105263157912,109.85073795600113,69.68193548387094,1,2,403,17
107.54736842105281,109.81604010025067,68.0632258064517,1,2,404,19
107.4894736842106,109.84372041214152,70.03225806451609,1,2,405,20
107.49473684210545,109.84004455583404,70.4851612903225,1,2,406,17
107.64736842105286,109.86098579782791,69.77419354838716,1,2,407,18
107.63157894736862,109.88855472013368,69.44774193548378,1,2,408,17
107.59473684210548,109.91406293511557,69.68774193548386,1,2,409,17
107.64736842105287,109.82183235867446,69.27032258064528,1,2,410,15
107.68421052631597,109.84717348927879,69.70903225806454,1,2,411,17
107.55789473684236,109.81631857421331,68.50967741935467,1,2,412,18
107.57894736842114,109.83971038707888,69.37999999999988,1,2,413,16
107.72105263157917,109.83079922027297,68.97741935483856,1,2,414,16
107.71578947368444,109.90988582567533,68.32129032258071,1,2,415,18
107.64210526315819,109.8705096073517,68.82516129032263,1,2,416,16
107.60000000000016,109.87914230019496,69.67419354838718,1,2,417,17
107.58947368421069,109.90994152046785,70.86580645161287,1,1,418,18
107.62105263157912,109.83247006404906,68.73483870967733,1,2,419,19
107.57894736842127,109.85563909774437,69.77548387096776,1,2,420,15
107.70526315789498,109.85441381230856,69.10838709677418,1,2,421,16
107.71052631578968,109.90080757449184,69.13096774193559,1,1,422,16
107.60526315789491,109.88966861598445,69.54709677419359,1,2,423,18
107.60526315789497,109.87641325536063,69.85161290322586,1,2,424,17
107.60526315789491,109.88771929824564,69.36903225806442,1,2,425,17
107.61052631578966,109.85664160401004,70.04064516129048,1,2,426,16
107.68421052631605,109.87563352826513,68.56387096774203,1,2,427,19
107.57368421052645,109.82901698691175,69.94322580645158,1,2,428,18
107.54736842105282,109.81514898357007,68.90709677419358,1,2,429,18
107.54736842105292,109.84912280701754,67.85999999999999,1,2,430,17
107.6473684210528,109.89913673071571,69.91290322580639,1,2,431,16
107.46315789473705,109.82667780562518,69.27032258064533,1,2,432,19
107.64736842105285,109.84010025062658,69.44129032258066,1,2,433,18
107.55263157894757,109.8285157337789,69.46322580645156,1,2,434,16
107.49473684210548,109.83174603174604,69.01354838709675,1,2,435,18
107.66315789473707,109.87206906154275,69.47096774193544,1,2,436,17
107.59473684210555,109.82305764411028,68.68129032258068,1,2,437,20
107.58421052631604,109.78624338624341,68.26129032258063,1,2,438,18
107.61052631578957,109.88064605959349,69.64258064516126,1,2,439,18
107.55789473684221,109.87078808131446,69.6548387096774,1,2,440,17
107.57368421052652,109.80356446672239,69.2387096774193,1,2,441,19
107.64210526315811,109.89423558897244,70.1051612903226,1,1,442,15
107.52631578947387,109.87524366471739,69.24451612903222,1,2,443,17
107.53157894736864,109.90543024227237,70.38258064516128,1,2,444,17
107.72105263157916,109.83202450570876,68.56322580645154,1,2,445,16
107.49473684210548,109.82756892230576,68.95161290322581,1,2,446,18
107.51578947368444,109.79788359788361,68.52516129032256,1,2,447,17
107.64210526315804,109.83876357560574,69.02580645161295,1,2,448,18
107.63157894736862,109.83692564745199,69.67096774193544,1,2,449,17
107.6736842105265,109.82545252018942,68.53032258064509,1,2,450,17
107.60000000000025,109.86115288220553,68.90064516129029,1,2,451,19
107.60000000000026,109.89484823169035,69.45612903225808,1,1,452,20
107.66315789473697,109.89262043998887,70.6,1,2,453,17
107.62105263157918,109.83068783068784,69.19999999999999,1,2,454,18
107.62631578947382,109.82779170147597,69.19290322580653,1,2,455,17
107.59473684210539,109.85068226120862,70.318064516129,1,2,456,16
107.60526315789485,109.82690058479538,68.88064516129025,1,2,457,17
107.60526315789492,109.885992759677,69.36193548387088,1,2,458,17
107.55263157894748,109.83842940685051,69.35290322580644,1,2,459,17
107.44736842105269,109.9077137287664,71.26193548387097,1,2,460,18
107.62105263157919,109.88304093567251,69.25096774193548,1,2,461,18
107.6947368421055,109.85463659147874,69.174193548387,1,2,462,19
107.48947368421067,109.84349763297135,70.52903225806453,1,2,463,17
107.65263157894762,109.88281815650238,69.04451612903232,1,2,464,19
107.57368421052657,109.89746588693957,69.90000000000002,1,2,465,17
107.54210526315805,109.8373712057923,69.39161290322578,1,2,466,17
107.63157894736867,109.8502367028683,69.06516129032258,1,2,467,16
107.5105263157896,109.79030910609862,69.3612903225807,1,2,468,18
107.54736842105288,109.84923419660264,68.07419354838713,1,2,469,19
107.55263157894747,109.8213868003342,70.39161290322572,1,2,470,19
107.55789473684234,109.97727652464496,69.43096774193532,1,2,471,18
107.65263157894752,109.83670286828186,68.77677419354839,1,2,472,15
107.56842105263173,109.8766360345308,70.19548387096785,1,2,473,17
107.58421052631599,109.86265664160405,69.48516129032262,1,2,474,18
107.41052631578965,109.85519353940408,69.99935483870972,1,2,475,19
107.58421052631593,109.85675299359512,68.8709677419354,1,2,476,17
107.45263157894752,109.8864383180173,70.15225806451613,1,2,477,17
107.56842105263176,109.85218602060709,69.7070967741936,1,2,478,18
107.57368421052645,109.82957393483714,69.29225806451605,1,2,479,18
107.56842105263169,109.84789752158177,70.63741935483873,1,1,480,17
107.63157894736867,109.85742133110556,69.17225806451607,1,2,481,16
107.48421052631603,109.8149262043999,69.07483870967751,1,2,482,18
107.49473684210548,109.81108326371485,69.50709677419354,1,2,483,19
107.65789473684228,109.87023113338907,69.72322580645161,1,2,484,18
107.54210526315815,109.88192703982178,69.20387096774193,1,2,485,20
107.4894736842107,109.88170426065165,70.35096774193562,1,2,486,19
107.60000000000028,109.87557783347258,69.66580645161288,1,2,487,17
107.47368421052657,109.79337231968812,69.58451612903218,1,2,488,18
107.63684210526334,109.82283486494016,69.17870967741936,1,2,489,17
107.54736842105284,109.8046783625731,69.26451612903226,1,2,490,17
107.5789473684213,109.85480367585633,68.52258064516133,1,2,491,20
107.46315789473704,109.846783625731,69.5458064516129,1,2,492,16
107.52631578947384,109.80462266778062,68.46322580645172,1,2,493,18
107.57368421052647,109.79894179894184,69.57935483870972,1,2,494,18
107.584210526316,109.84266221108328,68.64387096774183,1,2,495,18
107.52105263157912,109.8204956836536,68.78193548387098,1,2,496,19
107.58947368421069,109.82133110554166,69.67096774193553,1,2,497,17
107.66315789473698,109.83091060985802,69.95999999999994,1,2,498,18
107.6526315789475,109.83141186299086,69.48645161290328,1,2,499,18
107.61052631578973,109.86143135616821,68.38451612903218,1,2,500,18
107.57368421052657,109.88164856585911,68.67870967741935,1,2,501,19
107.52631578947388,109.81988304093571,68.52838709677411,1,2,502,19
107.62631578947394,109.84928989139514,69.53612903225797,1,2,503,17
107.65789473684222,109.85446950710113,69.6651612903226,1,2,504,17
107.44210526315808,109.816597048176,69.6270967741936,1,2,505,17
107.63157894736858,109.83620161514902,69.90322580645163,1,2,506,18
107.62105263157915,109.82478418267895,68.09354838709669,1,2,507,18
107.64736842105287,109.86811473127263,69.6941935483872,1,2,508,15
107.66842105263181,109.88699526594266,69.26838709677415,1,2,509,17
107.58947368421069,109.82344750765807,69.21741935483855,1,2,510,18
107.52105263157908,109.83486494012813,70.10774193548394,1,1,511,19
107.6157894736845,109.81013645224171,68.88258064516124,1,2,512,19
107.65789473684238,109.83982177666388,69.00645161290332,1,1,513,19
107.58421052631589,109.82400445558343,69.96193548387095,1,2,514,17
107.66315789473713,109.8333611807296,68.92838709677427,1,2,515,17
107.5789473684212,109.90504037872462,70.35741935483868,1,2,516,17
107.5631578947371,109.87624617098301,69.07096774193553,1,2,517,19
107.42105263157909,109.84773043720415,70.19612903225826,1,2,518,18
107.52631578947391,109.82667780562518,68.8709677419355,1,2,519,18
107.51052631578972,109.83820662768031,69.42838709677419,1,2,520,20
107.60000000000025,109.8565859092175,69.08838709677423,1,2,521,17
107.54210526315809,109.82545252018937,69.51677419354839,1,2,522,17
107.48421052631606,109.8312447786132,69.17225806451616,1,2,523,16
107.62631578947386,109.85797827903095,68.82193548387085,1,2,524,18
107.47368421052654,109.8015037593985,68.64774193548394,1,2,525,17
107.55789473684231,109.80662768031189,69.22967741935484,1,2,526,17
107.58947368421065,109.87658033973828,69.2819354838709,1,2,527,17
107.55789473684226,109.89122807017547,69.67483870967735,1,2,528,15
107.55263157894761,109.86644388749652,69.39612903225806,1,2,529,18
107.45789473684223,109.83959899749377,69.09999999999992,1,2,530,18
107.65263157894763,109.85608465608468,68.73419354838703,1,2,531,18
107.52105263157917,109.81977165135059,69.29419354838699,1,2,532,16
107.75263157894751,109.856530214425,69.93419354838703,1,2,533,16
107.52631578947397,109.82962962962962,68.82129032258058,1,2,534,18
107.62105263157918,109.83458646616545,68.49741935483873,1,2,535,18
107.58947368421062,109.89668615984411,69.79354838709659,1,2,536,18
107.57894736842131,109.8514619883041,69.50193548387094,1,2,537,17
107.51052631578956,109.82729044834312,70.14258064516133,1,2,538,18
107.60526315789487,109.81125034809249,70.17419354838702,1,2,539,18
107.61578947368447,109.83319409635199,69.12516129032254,1,2,540,16
107.55263157894763,109.78680033416876,68.97419354838713,1,2,541,18
107.71578947368445,109.82261208577,68.79612903225811,1,2,542,16
107.68947368421077,109.87585630743527,68.53161290322586,1,2,543,17
107.69473684210551,109.88576998050685,68.94903225806446,1,1,544,18
107.55789473684223,109.81297688666116,69.10645161290326,1,2,545,17
107.59473684210553,109.84093567251463,68.5483870967741,1,2,546,18
107.41578947368444,109.78368142578671,69.4980645161292,1,2,547,18
107.61578947368433,109.86861598440551,69.36903225806444,1,2,548,18
107.53684210526328,109.87296017822338,69.86516129032242,1,2,549,18
107.60526315789483,109.83185742133116,70.31999999999988,1,1,550,16
107.53684210526333,109.87864104706212,70.86903225806445,1,2,551,18
107.58421052631608,109.83285992759676,68.56387096774185,1,2,552,19
107.60000000000008,109.86705653021447,69.79419354838706,1,1,553,17
107.47368421052647,109.84962406015042,69.82000000000001,1,2,554,19
107.57894736842123,109.82467279309388,69.20903225806458,1,2,555,18
107.50526315789487,109.87323865218605,70.19419354838716,1,2,556,19
107.50526315789496,109.83308270676693,68.89677419354844,1,2,557,18
107.67368421052657,109.81503759398497,68.60580645161292,1,2,558,16
107.56315789473703,109.82478418267895,69.38129032258057,1,2,559,18
107.66315789473703,109.80206070732392,68.20645161290327,1,2,560,16
107.55789473684224,109.83425229741022,69.56709677419346,1,2,561,17
107.73684210526336,109.82717905875806,68.38645161290333,1,2,562,16
107.584210526316,109.8710665552771,70.25419354838705,1,2,563,18
107.56315789473706,109.85407964355335,69.98193548387093,1,2,564,17
107.65789473684228,109.81943748259543,69.27419354838713,1,2,565,15
107.56842105263173,109.83469785575052,68.78000000000009,1,2,566,16
107.4421052631581,109.78240044555837,69.02967741935485,1,2,567,18
107.60000000000022,109.85859092174883,69.91935483870971,1,2,568,16
107.61578947368439,109.87713728766364,69.08129032258059,1,1,569,17
107.70526315789488,109.89195210247846,70.23225806451615,1,1,570,16
107.65789473684241,109.85029239766081,68.68838709677422,1,2,571,18
107.66842105263174,109.91668059036482,70.88451612903222,1,1,572,17
107.51052631578955,109.80902255639101,70.21290322580658,1,2,573,17
107.56315789473697,109.86338067390703,69.8245161290323,1,2,574,19
107.59473684210539,109.95410749094962,69.99935483870969,1,2,575,17
107.62631578947385,109.88760790866058,69.2025806451614,1,2,576,18
107.63157894736864,109.87736006683375,70.08774193548383,1,2,577,17
107.55789473684227,109.8399888610415,69.50129032258066,1,2,578,17
107.63684210526331,109.87663603453079,69.97612903225821,1,1,579,17
107.62631578947384,109.86638819270404,68.96645161290316,1,2,580,15
107.58421052631604,109.8448343079922,69.2270967741935,1,2,581,17
107.61052631578973,109.86549707602339,69.91677419354843,1,1,582,18
107.54736842105282,109.83146755778337,69.16645161290336,1,2,583,17
107.6736842105266,109.90108604845447,69.33548387096769,1,2,584,17
107.54210526315796,109.81743247006412,69.27225806451614,1,2,585,18
107.5736842105266,109.87891952102478,69.13354838709675,1,2,586,20
107.60526315789495,109.85898078529662,69.11354838709684,1,2,587,18
107.6473684210528,109.87463102199948,69.6974193548388,1,1,588,18
107.61052631578958,109.92737399053193,69.607741935484,1,2,589,16
107.52105263157905,109.81654135338349,70.16129032258054,1,2,590,17
107.51052631578953,109.86934001670853,70.04193548387079,1,2,591,18
107.78421052631609,109.91723753829017,69.46064516129029,1,1,592,19
107.58421052631607,109.82678919521025,68.8587096774193,1,2,593,16
107.61578947368442,109.88309663046508,69.17290322580635,1,1,594,15
107.66315789473704,109.88994708994713,69.09161290322571,1,1,595,18
107.54736842105284,109.79159008632693,69.0864516129032,1,2,596,20
107.54210526315809,109.83024227234756,69.13548387096768,1,2,597,17
107.54736842105272,109.85252018936237,69.25354838709666,1,2,598,17
107.6368421052633,109.87218045112786,69.48193548387104,1,2,599,18
107.67894736842128,109.88309663046505,69.46709677419351,1,2,600,17
107.68947368421067,109.91183514341414,69.78451612903218,1,1,601,15
107.61578947368436,109.85396825396829,69.56064516129032,1,2,602,16
107.56315789473705,109.84221665274302,69.90516129032274,1,2,603,15
107.6789473684212,109.87379560011145,69.48322580645173,1,2,604,18
107.64736842105287,109.86672236145922,69.48129032258053,1,1,605,17
107.68421052631606,109.92447786131999,69.13032258064521,1,1,606,17
107.55789473684227,109.83937621832364,68.94387096774199,1,2,607,19
107.52105263157914,109.82255639097745,68.8690322580646,1,2,608,19
107.52105263157915,109.86026176552492,68.99870967741944,1,2,609,17
107.56315789473713,109.80579225842384,68.48645161290315,1,2,610,14
107.62105263157908,109.85981620718468,69.95161290322577,1,2,611,17
107.55263157894757,109.88927875243665,69.55548387096768,1,2,612,19
107.70000000000027,109.86560846560846,69.5948387096774,1,2,613,16
107.60526315789494,109.83425229741022,69.1587096774194,1,2,614,18
107.56315789473703,109.84956836535787,69.06387096774203,1,2,615,17
107.72631578947387,109.86416040100254,69.90774193548381,1,2,616,17
107.66842105263184,109.85508214981901,68.63483870967738,1,2,617,17
107.56315789473706,109.80506822612088,68.65870967741928,1,2,618,16
107.62105263157919,109.83614592035644,69.6799999999999,1,2,619,16
107.5631578947371,109.9024784182679,70.05290322580653,1,2,620,18
107.67894736842123,109.84394319131165,69.203870967742,1,2,621,16
107.60526315789485,109.84979114452806,69.02258064516128,1,2,622,17
107.63157894736874,109.89585073795598,69.1006451612903,1,2,623,17
107.60526315789487,109.89128376496802,69.84387096774198,1,2,624,17
107.62631578947385,109.82005012531333,69.3077419354838,1,2,625,17
107.58421052631591,109.80874408242835,69.11032258064502,1,2,626,19
107.5368421052633,109.84561403508775,69.93419354838701,1,2,627,17
107.73157894736869,109.85452520189362,68.70387096774196,1,2,628,18
107.59473684210542,109.86794764689505,70.04709677419359,1,2,629,16
107.60526315789495,109.81843497632973,69.90129032258075,1,2,630,17
107.6210526315792,109.8695627958786,69.20580645161286,1,2,631,17
107.64736842105289,109.83040935672517,68.18258064516137,1,2,632,18
107.67368421052653,109.8072960178224,68.1058064516129,1,2,633,16
107.6105263157897,109.88872180451128,69.95419354838715,1,1,634,17
107.55789473684223,109.8903369534949,69.5806451612903,1,2,635,15
107.63157894736855,109.86382623224732,70.18322580645162,1,2,636,15
107.50526315789487,109.79832915622394,68.63870967741944,1,2,637,18
107.69473684210544,109.8882205513785,69.2109677419355,1,1,638,17
107.52631578947376,109.84917850181013,70.58129032258061,1,2,639,18
107.51052631578973,109.79654692286272,68.7612903225806,1,2,640,17
107.72105263157921,109.83419660261767,67.89419354838704,1,2,641,15
107.40000000000002,109.83319409635206,69.61290322580656,1,2,642,20
107.60000000000018,109.85703146755782,69.98516129032265,1,2,643,17
107.58421052631608,109.84360902255638,68.63419354838713,1,2,644,18
107.60000000000022,109.84784182678919,69.40064516129024,1,2,645,19
107.64736842105275,109.89473684210535,69.78774193548387,1,2,646,17
107.60526315789498,109.82706766917293,69.59483870967755,1,2,647,16
107.55789473684236,109.84990253411306,68.9703225806451,1,2,648,18
107.48421052631608,109.81737677527151,68.99935483870964,1,2,649,18
107.46842105263171,109.80852130325817,70.05225806451627,1,2,650,18
107.57368421052651,109.80495683653582,69.25548387096764,1,2,651,17
107.52631578947384,109.8115845168477,69.15935483870979,1,2,652,16
107.61052631578957,109.82812587023122,69.18580645161275,1,2,653,18
107.60000000000016,109.81832358674467,69.28064516129021,1,2,654,18
107.66315789473715,109.82879420774157,69.46967741935484,1,2,655,15
107.54736842105284,109.85073795600114,70.21935483870966,1,2,656,17
107.60000000000014,109.87390698969652,69.87612903225804,1,2,657,18
107.61052631578973,109.84177109440269,69.24516129032249,1,1,658,17
107.55263157894753,109.86176552492346,69.62903225806458,1,2,659,18
107.71052631578978,109.87357282094123,69.72258064516126,1,2,660,16
107.48421052631596,109.83614592035646,69.82322580645155,1,2,661,17
107.51052631578968,109.8306321358953,69.61741935483866,1,2,662,17
107.63684210526344,109.84177109440266,69.59290322580641,1,2,663,17
107.70526315789488,109.82261208577003,69.3929032258065,1,2,664,18
107.51578947368431,109.85263157894741,70.9516129032258,1,2,665,16
107.52631578947388,109.88838763575609,70.25999999999996,1,2,666,17
107.65263157894765,109.82706766917292,69.12838709677425,1,2,667,18
107.60000000000022,109.85469228627124,69.56903225806444,1,2,668,17
107.58947368421073,109.85079365079366,69.56193548387093,1,2,669,16
107.46315789473692,109.8529100529101,71.45483870967739,1,2,670,17
107.6052631578949,109.88031189083821,70.31483870967749,1,2,671,17
107.6210526315791,109.87390698969651,69.6096774193549,1,2,672,17
107.6052631578949,109.86644388749654,69.6245161290322,1,2,673,17
107.58421052631596,109.88248398774716,69.72709677419353,1,2,674,15
107.60526315789492,109.8878306878307,70.1070967741936,1,2,675,16
107.5631578947371,109.85279866332498,69.07354838709665,1,2,676,16
107.58947368421066,109.82055137844617,68.82709677419349,1,2,677,14
107.52105263157907,109.79693678641051,69.4083870967742,1,2,678,17
107.54736842105284,109.87825118351435,69.63806451612892,1,2,679,16
107.67368421052639,109.87362851573388,69.46967741935495,1,2,680,19
107.77368421052653,109.84099136730721,68.43096774193558,1,2,681,18
107.65789473684231,109.83018657755504,68.52064516129032,1,2,682,16
107.50526315789502,109.83324979114454,69.43096774193558,1,2,683,18
107.64210526315816,109.803007518797,68.35225806451608,1,2,684,16
107.57894736842127,109.84979114452798,69.5890322580646,1,2,685,16
107.58421052631593,109.87073238652192,69.60903225806453,1,2,686,16
107.55263157894763,109.8172096908939,68.70000000000006,1,2,687,17
107.58947368421072,109.89195210247844,69.34709677419349,1,2,688,17
107.49473684210538,109.8076301865776,69.16709677419362,1,2,689,16
107.53157894736857,109.80395433027014,69.30516129032264,1,2,690,17
107.71052631578964,109.89250905040385,69.47612903225809,1,2,691,15
107.47894736842132,109.83815093288779,68.75548387096774,1,2,692,18
107.63157894736861,109.90292397660822,69.14387096774199,1,2,693,17
107.6526315789475,109.88526872737403,70.04258064516142,1,2,694,18
107.53684210526339,109.7940963519911,68.79548387096762,1,2,695,19
107.54210526315809,109.82996379838491,68.64709677419357,1,2,696,19
107.60000000000022,109.85307713728767,69.41741935483869,1,2,697,17
107.6736842105266,109.8487886382623,68.78838709677429,1,2,698,17
107.55789473684239,109.81247563352827,68.28774193548382,1,2,699,18
107.58947368421076,109.88521303258145,69.674193548387,1,2,700,17
107.58421052631597,109.80807574491786,69.96064516129039,1,2,701,16
107.53684210526328,109.83130047340576,69.62322580645157,1,2,702,18
107.58947368421077,109.82227791701476,69.47612903225804,1,2,703,18
107.71578947368437,109.9007518796993,69.16258064516126,1,2,704,15
107.60526315789501,109.89696463380675,70.29741935483862,1,2,705,17
107.65263157894756,109.82768031189086,69.40645161290318,1,1,706,17
107.56842105263172,109.8363130047341,69.98258064516138,1,2,707,17
107.5526315789475,109.87468671679201,69.43806451612906,1,2,708,17
107.60000000000021,109.85692007797273,69.33870967741919,1,2,709,19
107.59473684210552,109.84338624338623,70.48774193548377,1,2,710,16
107.58421052631604,109.84984683932052,69.31677419354831,1,2,711,17
107.71052631578969,109.88331940963523,69.24580645161295,1,2,712,18
107.51052631578975,109.81397939292677,69.39806451612893,1,2,713,19
107.53684210526339,109.88276246170983,69.58645161290319,1,2,714,19
107.50000000000023,109.8377053745475,69.71548387096769,1,2,715,17
107.5736842105265,109.8387635756057,69.05741935483876,1,2,716,18
107.6105263157896,109.87529935950995,69.33032258064516,1,2,717,16
107.53157894736859,109.82823725981623,69.5922580645161,1,2,718,18
107.6421052631581,109.87552213868005,69.16129032258068,1,2,719,16
107.55263157894764,109.87691450849346,68.50064516129036,1,2,720,19
107.40526315789491,109.84433305485939,69.79612903225815,1,2,721,16
107.56315789473703,109.84934558618771,70.40064516129026,1,2,722,17
107.60526315789488,109.93539404065726,69.29741935483864,1,2,723,18
107.56315789473705,109.83586744639376,70.2825806451613,1,2,724,16
107.68421052631601,109.8343636869953,69.06129032258056,1,2,725,18
107.55789473684236,109.84550264550265,68.96516129032261,1,2,726,16
107.59473684210545,109.82573099415208,69.20774193548382,1,2,727,17
107.70000000000022,109.84689501531612,68.06774193548394,1,2,728,19
107.58947368421065,109.87396268448903,69.93483870967745,1,2,729,19
107.65789473684237,109.87451963241436,69.23225806451606,1,2,730,16
107.57894736842125,109.90119743803955,70.0232258064516,1,2,731,17
107.69473684210548,109.84422166527433,68.87032258064518,1,2,732,16
107.60526315789488,109.80924533556116,69.27548387096772,1,2,733,18
107.45263157894753,109.8168755221387,69.36064516129032,1,2,734,18
107.60000000000015,109.79660261765531,68.79999999999988,1,2,735,17
107.44210526315808,109.82829295460876,69.74774193548396,1,2,736,18
107.52631578947395,109.85558340295186,70.30903225806446,1,1,737,17
107.47894736842122,109.87424115845171,70.01483870967726,1,2,738,19
107.55789473684233,109.8869395711501,69.5245161290322,1,2,739,17
107.62105263157905,109.82500696184913,70.14451612903227,1,2,740,17
107.53157894736859,109.86115288220556,69.68193548387089,1,2,741,18
107.55789473684229,109.87568922305766,69.1103225806451,1,2,742,17
107.65263157894753,109.8404901141744,67.88709677419354,1,2,743,19
107.74210526315808,109.86003898635481,70.21612903225807,1,1,744,15
107.55789473684229,109.86744639376221,69.35032258064517,1,2,745,19
107.61052631578958,109.89256474519638,70.21225806451619,1,1,746,17
107.5473684210528,109.83308270676693,69.8645161290322,1,2,747,17
107.58947368421072,109.8629351155667,70.16903225806446,1,2,748,18
107.59473684210552,109.85318852687274,69.48709677419362,1,2,749,15
107.5368421052634,109.83297131718184,69.95290322580647,1,2,750,18
107.5947368421055,109.87234753550543,69.65161290322578,1,2,751,16
107.52105263157917,109.79754942912838,68.90709677419369,1,2,752,17
107.71052631578964,109.91038707880818,69.54903225806439,1,2,753,17
107.61052631578974,109.85881370091897,68.830322580645,1,1,754,18
107.62631578947395,109.80445558340297,68.50903225806458,1,2,755,17
107.61052631578973,109.81988304093566,69.66064516129039,1,2,756,20
107.52105263157917,109.82829295460877,69.87096774193543,1,2,757,18
107.605263157895,109.81960456697298,68.88451612903229,1,1,758,19
107.68421052631597,109.84422166527435,69.29419354838706,1,2,759,18
107.55263157894755,109.83464216095798,68.86774193548382,1,2,760,16
107.56842105263178,109.85419103313842,70.33290322580646,1,1,761,17
107.53684210526343,109.81492620439991,70.48387096774204,1,2,762,15
107.55263157894755,109.88716235032027,69.28451612903227,1,2,763,18
107.61052631578966,109.81403508771933,68.66774193548392,1,2,764,17
107.63684210526345,109.88331940963519,68.86838709677416,1,2,765,18
107.45263157894765,109.80200501253135,69.48645161290324,1,2,766,18
107.60526315789497,109.83096630465056,67.98580645161296,1,2,767,18
107.54736842105287,109.84639376218325,68.38064516129032,1,2,768,18
107.56315789473703,109.85413533834587,70.21032258064503,1,2,769,16
107.50526315789494,109.82929546087442,69.04709677419358,1,2,770,15
107.61052631578966,109.85391255917574,69.18064516129034,1,2,771,17
107.52105263157915,109.85742133110557,71.02129032258046,1,2,772,17
107.61578947368447,109.82238930659983,68.89161290322583,1,2,773,17
107.56315789473705,109.81241993873576,68.65870967741931,1,2,774,17
107.61578947368442,109.80818713450297,68.56838709677417,1,2,775,20
107.64210526315803,109.83163464216102,69.16709677419364,1,2,776,18
107.51578947368446,109.80679476468953,69.79032258064511,1,2,777,16
107.55263157894753,109.93060428849907,69.86193548387095,1,2,778,19
107.63157894736865,109.84800891116681,69.25096774193545,1,2,779,18
107.62105263157908,109.87034252297413,69.91677419354838,1,1,780,18
107.58421052631607,109.8766917293233,69.04322580645164,1,2,781,18
107.55263157894764,109.84717348927875,68.91612903225816,1,2,782,18
107.53684210526325,109.88482316903375,69.92193548387105,1,2,783,17
107.63684210526327,109.84266221108331,69.51419354838707,1,2,784,16
107.46315789473711,109.85914786967417,68.7851612903226,1,2,785,20
107.57894736842127,109.81275410749097,69.05806451612901,1,2,786,16
107.61578947368447,109.88538011695907,68.95225806451614,1,2,787,17
107.47894736842123,109.9027568922306,70.07548387096779,1,2,788,20
107.54736842105282,109.79866332497913,69.21161290322583,1,2,789,16
107.52631578947391,109.79955444165971,69.39806451612901,1,2,790,17
107.67894736842128,109.88426622110835,69.51354838709685,1,2,791,15
107.53157894736863,109.86750208855474,69.11935483870967,1,2,792,18
107.55263157894755,109.81403508771933,68.96709677419342,1,2,793,16
107.6263157894739,109.91049846839321,69.35612903225807,1,2,794,18
107.6263157894738,109.81459203564474,69.54451612903242,1,2,795,19
107.54210526315818,109.87251461988303,68.47225806451605,1,2,796,18
107.65263157894749,109.89067112225013,68.9496774193548,1,2,797,18
107.53157894736856,109.95700362016153,70.15354838709665,1,2,798,19
107.43157894736866,109.84566972988026,69.43677419354835,1,2,799,20
107.62631578947392,109.80278473962684,69.70709677419359,1,2,800,16
107.53157894736859,109.79821776663884,69.43032258064515,1,2,801,17
107.68421052631598,109.89150654413818,69.2251612903227,1,1,802,17
107.69473684210547,109.86304650515181,68.99161290322584,1,2,803,15
107.60000000000015,109.87925368978003,70.49677419354839,1,2,804,17
107.50000000000011,109.80718462823731,69.77806451612898,1,2,805,18
107.53684210526325,109.87635756056811,70.81548387096773,1,2,806,19
107.64736842105283,109.83480924533558,69.25161290322585,1,2,807,16
107.52631578947387,109.83052074631026,69.13032258064514,1,2,808,18
107.59473684210545,109.90593149540518,70.1793548387097,1,1,809,17
107.58947368421062,109.84188248398779,69.87419354838713,1,1,810,16
107.57894736842134,109.83263714842661,69.05612903225806,1,2,811,18
107.63157894736867,109.83564466722362,69.8464516129033,1,2,812,17
107.61052631578958,109.83319409635206,70.18129032258058,1,2,813,16
107.4263157894739,109.88476747424119,69.77870967741941,1,2,814,19
107.5315789473686,109.83102199944308,69.54064516129036,1,2,815,17
107.74736842105288,109.84399888610416,68.4993548387096,1,2,816,18
107.73684210526342,109.83909774436091,68.76774193548376,1,2,817,16
107.59473684210545,109.87919799498749,69.3748387096774,1,2,818,17
107.61052631578968,109.85291005291008,69.09161290322574,1,2,819,18
107.5736842105265,109.83558897243111,70.12000000000002,1,2,820,17
107.52105263157917,109.84862155388473,69.72903225806444,1,2,821,18
107.58421052631597,109.80774157616268,68.06838709677417,1,2,822,18
107.55263157894751,109.87290448343084,69.36064516129039,1,2,823,18
107.4789473684212,109.80640490114178,69.62774193548378,1,2,824,20
107.61052631578963,109.8808688387636,69.52967741935494,1,2,825,17
107.50000000000023,109.78830409356729,67.9909677419353,1,2,826,18
107.55263157894741,109.80874408242838,68.91548387096763,1,2,827,17
107.61052631578971,109.82678919521025,68.96387096774187,1,2,828,18
107.56842105263182,109.8608187134503,69.08580645161285,1,2,829,16
107.61578947368443,109.86722361459205,69.25806451612888,1,1,830,18
107.67368421052653,109.86828181565028,68.42903225806454,1,2,831,18
107.65263157894746,109.84177109440273,69.43612903225811,1,1,832,16
107.50000000000013,109.823336118073,69.89935483870966,1,2,833,17
107.6210526315791,109.88688387635757,69.8212903225807,1,2,834,17
107.6315789473686,109.89534948482319,70.01096774193557,1,2,835,17
107.62105263157918,109.83018657755503,68.54903225806453,1,2,836,18
107.54736842105282,109.81169590643277,68.92064516129042,1,2,837,19
107.55789473684237,109.86633249791146,69.10451612903219,1,1,838,17
107.49473684210531,109.81052631578953,70.05419354838698,1,1,839,17
107.5263157894739,109.81876914508494,69.45870967741928,1,2,840,18
107.58947368421065,109.85430242272353,69.18193548387084,1,1,841,16
107.53157894736862,109.8582010582011,69.55741935483873,1,1,842,17
107.61052631578963,109.85870231133391,70.15999999999998,1,2,843,16
107.55263157894764,109.83063213589529,68.42387096774192,1,2,844,17
107.6526315789475,109.85084934558621,70.12000000000006,1,2,845,17
107.61578947368444,109.83085491506547,69.69741935483864,1,2,846,17
107.66315789473714,109.91473127262601,70.48645161290317,1,1,847,17
107.5315789473687,109.83720412141466,68.31354838709679,1,2,848,20
107.56315789473702,109.83375104427739,69.3483870967741,1,2,849,17
107.62631578947384,109.85402394876083,70.11354838709671,1,2,850,18
107.58947368421076,109.86922862712336,69.60580645161288,1,2,851,18
107.57368421052658,109.8223336118073,68.04516129032257,1,2,852,18
107.5105263157896,109.82600946811478,69.89483870967727,1,2,853,17
107.63684210526333,109.8683375104428,69.61870967741943,1,2,854,15
107.66315789473698,109.84967975494295,69.25225806451604,1,1,855,16
107.63684210526331,109.8541353383459,69.33096774193545,1,2,856,17
107.5526315789476,109.8353104984684,70.10645161290327,1,2,857,18
107.50000000000017,109.86961849067114,70.03870967741928,1,1,858,17
107.66315789473701,109.84427736006688,68.95806451612893,1,1,859,16
107.65263157894766,109.84923419660261,68.64967741935476,1,2,860,16
107.47368421052644,109.82617655249237,69.70387096774188,1,2,861,18
107.55789473684223,109.87880813143977,69.34774193548402,1,2,862,18
107.68421052631605,109.85524923419662,68.43096774193548,1,2,863,17
107.51578947368442,109.80556947925369,69.14516129032263,1,2,864,17
107.47368421052661,109.81604010025062,68.34967741935493,1,2,865,19
107.605263157895,109.85458089668616,68.98838709677425,1,2,866,18
107.53684210526336,109.80612642717908,69.51806451612902,1,2,867,15
107.59473684210549,109.87357282094126,69.74516129032254,1,2,868,17
107.64736842105289,109.84778613199668,68.84129032258065,1,2,869,18
107.64210526315807,109.8573099415205,69.43741935483871,1,2,870,17
107.68947368421074,109.89217488164859,69.02580645161295,1,2,871,18
107.58947368421066,109.81331105541639,68.88774193548386,1,2,872,17
107.66315789473698,109.88944583681429,70.19225806451608,1,2,873,18
107.53684210526339,109.86510721247564,69.34967741935483,1,2,874,18
107.54210526315815,109.82584238373713,69.5258064516128,1,2,875,19
107.54736842105282,109.84349763297136,69.81290322580641,1,2,876,17
107.6157894736844,109.8394876079087,69.90451612903212,1,2,877,17
107.74210526315807,109.87340573656371,69.20322580645166,1,1,878,18
107.64736842105278,109.83185742133115,69.4561290322581,1,2,879,18
107.56842105263168,109.87117794486218,70.525806451613,1,1,880,17
107.4684210526318,109.87953216374272,70.22580645161275,1,2,881,17
107.66842105263176,109.8627123363966,69.41032258064499,1,2,882,18
107.60526315789495,109.83764967975496,69.03032258064523,1,2,883,16
107.50526315789492,109.87669172932333,70.23806451612909,1,2,884,19
107.56842105263173,109.83926482873856,69.25483870967729,1,2,885,18
107.52631578947384,109.88610414926207,70.10193548387095,1,1,886,18
107.46315789473702,109.83636869952663,69.42903225806458,1,2,887,18
107.57894736842115,109.84812030075194,68.93354838709675,1,2,888,18
107.65263157894766,109.81253132832079,68.73483870967746,1,2,889,18
107.57368421052647,109.83375104427743,69.05870967741937,1,2,890,15
107.67368421052647,109.87791701475916,69.72774193548376,1,2,891,18
107.52631578947391,109.81130604288501,69.31032258064498,1,2,892,18
107.48421052631602,109.84193817878031,70.01677419354833,1,2,893,18
107.61052631578966,109.83514341409081,69.19612903225809,1,2,894,18
107.57368421052655,109.85307713728768,69.21032258064513,1,2,895,17
107.62105263157905,109.8586466165414,69.81935483870973,1,2,896,18
107.62631578947395,109.8771372876636,69.24129032258058,1,2,897,19
107.54736842105291,109.84015594541911,69.30258064516136,1,2,898,19
107.5684210526317,109.89323308270683,69.52709677419361,1,2,899,16
107.63157894736855,109.86739069896973,69.54516129032254,1,2,900,18
107.63684210526337,109.85380116959068,68.29999999999997,1,2,901,18
107.47894736842122,109.81470342522977,69.52387096774201,1,2,902,18
107.51052631578975,109.8475633528265,68.99354838709674,1,2,903,19
107.50000000000024,109.83603453077137,69.59548387096766,1,2,904,18
107.73157894736867,109.83096630465052,69.05290322580652,1,2,905,16
107.63684210526333,109.8334725703147,69.08903225806452,1,2,906,17
107.6368421052632,109.8294625452521,69.654193548387,1,2,907,16
107.66842105263177,109.84316346421613,69.09290322580644,1,2,908,17
107.61052631578967,109.82417153996104,69.09290322580628,1,2,909,18
107.45263157894749,109.85023670286832,69.70709677419366,1,2,910,18
107.43157894736859,109.80189362294627,69.66387096774201,1,2,911,17
107.51578947368434,109.81397939292681,70.57741935483878,1,2,912,18
107.63684210526331,109.84243943191316,69.73677419354841,1,2,913,18
107.63157894736865,109.81648565859098,68.07548387096784,1,2,914,17
107.53157894736853,109.85235310498473,69.7406451612903,1,2,915,19
107.46842105263165,109.81865775549991,69.44193548387086,1,2,916,18
107.4684210526317,109.81464773043727,69.5083870967742,1,2,917,16
107.57894736842127,109.82511835143416,68.96645161290323,1,2,918,17
107.52105263157917,109.83531049846842,69.8812903225806,1,2,919,17
107.57368421052642,109.92748538011699,70.59612903225809,1,2,920,16
107.58947368421073,109.83247006404902,69.08580645161302,1,2,921,18
107.62631578947384,109.90359231411868,70.22322580645167,1,1,922,17
107.43684210526337,109.83698134224451,69.44838709677414,1,2,923,16
107.60526315789487,109.88348649401286,70.11032258064526,1,2,924,18
107.6789473684212,109.86917293233088,68.76387096774194,1,1,925,18
107.5473684210528,109.87819548872184,69.32322580645167,1,2,926,18
107.56842105263178,109.82673350041775,68.7154838709678,1,2,927,18
107.57368421052648,109.83447507658038,69.0038709677418,1,2,928,19
107.51578947368438,109.83943191311616,69.50967741935477,1,2,929,18
107.58421052631604,109.84750765803399,70.08193548387113,1,1,930,17
107.64736842105279,109.84544695071017,69.4290322580645,1,1,931,19
107.71052631578975,109.87435254803675,69.60967741935472,1,1,932,16
107.59473684210549,109.82951824004456,68.87935483870979,1,2,933,18
107.48421052631599,109.81704260651631,70.10903225806445,1,2,934,17
107.60526315789501,109.88315232525758,69.1716129032258,1,2,935,19
107.62105263157913,109.84700640490118,68.78967741935479,1,2,936,16
107.57894736842132,109.85602896129211,68.76258064516118,1,2,937,17
107.57894736842131,109.8140350877193,68.66967741935494,1,2,938,17
107.65789473684241,109.87000835421887,69.48322580645161,1,2,939,17
107.64736842105287,109.89640768588139,69.05225806451598,1,2,940,16
107.48947368421071,109.82294625452522,69.2045161290324,1,2,941,17
107.45789473684239,109.82021720969088,68.8683870967743,1,2,942,19
107.55789473684237,109.89362294625452,69.28903225806442,1,2,943,20
107.50000000000018,109.82211083263715,69.86645161290313,1,2,944,16
107.55263157894757,109.81954887218049,69.19548387096769,1,2,945,18
107.67368421052662,109.89746588693956,69.03677419354844,1,2,946,17
107.57894736842131,109.81715399610137,69.5761290322581,1,2,947,17
107.5684210526318,109.83837371205793,69.06322580645168,1,2,948,16
107.56842105263175,109.88064605959345,70.02193548387089,1,2,949,20
107.60000000000025,109.83670286828182,69.91870967741941,1,2,950,17
107.63684210526337,109.83547758284604,68.93225806451603,1,2,951,17
107.64736842105287,109.82584238373715,68.59935483870974,1,2,952,17
107.65263157894759,109.88404344193819,69.90064516129036,1,1,953,17
107.65263157894753,109.86644388749657,68.66322580645156,1,2,954,15
107.59473684210555,109.8386521860206,69.40129032258058,1,2,955,18
107.6263157894739,109.83258145363409,68.98322580645154,1,2,956,19
107.74210526315795,109.848120300752,69.1825806451613,1,1,957,18
107.59473684210548,109.81626287942078,69.73032258064515,1,2,958,16
107.51578947368436,109.89752158173214,69.76387096774195,1,2,959,18
107.5789473684212,109.89562795878588,69.91483870967755,1,1,960,17
107.6789473684212,109.91205792258427,69.91612903225823,1,2,961,17
107.63157894736862,109.84193817878032,68.68709677419346,1,2,962,18
107.45789473684215,109.85764411027574,69.84838709677439,1,2,963,19
107.59473684210548,109.8289612921192,69.85806451612899,1,2,964,17
107.49473684210548,109.82406015037598,70.68709677419358,1,2,965,14
107.56842105263175,109.91306042884992,69.52258064516127,1,2,966,18
107.55263157894761,109.83369534948484,68.97161290322579,1,2,967,17
107.70526315789499,109.95722639933167,69.66774193548389,1,2,968,17
107.54736842105278,109.85224171539969,68.6174193548387,1,2,969,19
107.63684210526338,109.80757449178503,69.1606451612902,1,2,970,17
107.57894736842121,109.85976051239214,69.03741935483879,1,2,971,17
107.68947368421078,109.84099136730715,69.86838709677406,1,2,972,15
107.61052631578964,109.84856585909219,69.81161290322592,1,2,973,18
107.6000000000002,109.87440824282933,69.27483870967737,1,2,974,17
107.5789473684212,109.88911166805907,69.65032258064508,1,2,975,18
107.65263157894753,109.83096630465054,69.73677419354853,1,1,976,15
107.65263157894753,109.82790309106103,69.8077419354838,1,2,977,16
107.5947368421055,109.8644388749652,69.16967741935481,1,2,978,17
107.5315789473687,109.80456697298803,68.7748387096775,1,2,979,18
107.51052631578949,109.82350320245065,69.60516129032271,1,2,980,16
107.62631578947394,109.81782233361182,68.93741935483878,1,2,981,19
107.60526315789495,109.89301030353663,69.22451612903225,1,2,982,17
107.6473684210529,109.86984126984127,68.94645161290315,1,1,983,19
107.48421052631593,109.82740183792822,68.79225806451608,1,2,984,19
107.68421052631604,109.88304093567251,69.54967741935482,1,2,985,16
107.5000000000001,109.86276803118912,70.23290322580638,1,2,986,16
107.50000000000024,109.84416597048177,69.87096774193537,1,2,987,18
107.51578947368435,109.83130047340578,69.16193548387106,1,2,988,19
107.6105263157897,109.85602896129215,69.80709677419352,1,2,989,18
107.57368421052655,109.81815650236705,69.94451612903231,1,2,990,17
107.5736842105266,109.80846560846561,68.40258064516131,1,2,991,16
107.55263157894753,109.85909217488167,70.13225806451605,1,2,992,18
107.71578947368437,109.81670843776114,68.56774193548378,1,2,993,15
107.64736842105289,109.88699526594264,69.15548387096774,1,2,994,18
107.56315789473703,109.81526037315513,69.75612903225793,1,2,995,16
107.5631578947371,109.81609579504315,69.07096774193545,1,2,996,17
107.58421052631604,109.86254525201895,69.83290322580628,1,2,997,15
107.65263157894753,109.9240323029797,70.01419354838708,1,1,998,16
107.45263157894748,109.81553884711782,70.41032258064513,1,2,999,17
