bank,rank,gene,sha256,projection,terminal_label_used
0,1,CMTM7,00f18f19f86c96ff54a40b3488cae5f93a65d510455c0bcf36f0fe54cdfeee99,1,False
0,2,GCOM1,00f1d5fb939267cc366345c3adbede81f32d76cb58b6ae3e0770fce7cf359678,1,False
0,3,MYBPHL,00f96d2e4bd8083bc70e2b51c4343f121e5cccbcccbde5b8390457edefd897a5,1,False
0,4,RP11-502I4.3,00fa01323ee07cacd95a639b1a3448cf8abc81a24bba6e6723828730c81863ec,1,False
0,5,LA16c-358B7.4,00ff18056a3c0b3c0dea51578d66ec1403c21ecefb4df57dbea5e1e121685aef,1,False
0,6,NCOA6,01015ce7e99ffd4f48ed9a29faa2bb629e3550d364b7bab743ee72264847bac7,1,False
0,7,RP11-45A12.1,01069eaf07a52d3e84032baabe4c10f028a4843f788b198f599c4645fb774d93,1,False
0,8,BTBD10,01072a28c69a2f1794adef424999035f24c7385211ea41a525718022804292ea,1,False
0,9,SOD3,01082f0399814825cccb2f6d44b05ca5809d02281a75bda7531f32d2da415bf3,2,False
0,10,CDC42SE2,0109777f69a7383cfba881c85eae9e7a9887936e990da3887d92618f67694b38,2,False
0,11,ZC3H3,010c1cad98a4200a1beac218c21504e4fb8f218541ee6826916c754b62951b01,2,False
0,12,KPNA2,010fcc3c907feb959eabf1fb9b1ac0b1a4c75fd61cebc6b3a3d793b55ba41724,2,False
0,13,EIF6,011087293116b39de06f27f3ad902d308be0796821e4aa4c47e5053a5cedfbb2,2,False
0,14,ASCL5,0110b8df5eaa726f581512b3c205c7d63818743ff18111cfc673d6d1b02ea77b,2,False
0,15,SPG11,0113224d3f5741e94d383e870110aae34f9bb4245736a9135abe9ce8673197cb,2,False
0,16,TGFB2,01158145520ea4ebdf9042e196d79c897cc7ff459407f3b7b187a1e00a23b71f,2,False
0,17,RBM22,0116596a8c12799340490157b8e6d14dd35dfc5e5a101def3673203ec0d65e65,3,False
0,18,COQ10A,01185254ec176f366640f9c413faad494467ea20d139f712ecbf3eb0dc5ebe3c,3,False
0,19,CALHM3,011d43761da723c94cddd1f7b5c3b47138ce0c21633a859772cbb393aaba8f84,3,False
0,20,PAK1,011fe33a8ed35c4b9683e4fb41f7b419aef426771441ee8d5e5ead542fae0648,3,False
0,21,RP11-95D17.1,0121694d5b0bd1f13aeb361f140818f2aee88c8052b46f222e387b705f10561b,3,False
0,22,C6orf120,0121d19c73c79068bb404a0348c7c462043bfa0948e0cb21cc2a2fc3bf2e22d5,3,False
0,23,CYBB,01233345872871096aa0c44206b00894d2235d8a08798f2e0b3d018ecac98d45,3,False
0,24,RP4-799P18.2,012374911681dfef611a9c7c6a8149adf86e42ca166746eb54890dd64b411a88,3,False
0,25,RP11-299J3.8,012408c9a28e32459e8204477b5bdf7daf7b89685e212ed8f8954b387d674ef9,4,False
0,26,SLC30A10,01246c1cf920f5f5106e1aefb137343d6d0ac771df9732999cf2e50175e42a62,4,False
0,27,TEX28,012de2a32d566691530afe96f1f97c7d6f1739f168e2917e4aac7f38ee2da0f2,4,False
0,28,KIAA2012,0130988fd22bfe929e01195b90b356ffc590a7943d22d9fccf18775cbd864ad5,4,False
0,29,CCNT1,0131107872a17cb2c0fa96aa2833a011e3471001e8ad39c17e9c8dd45a9978f0,4,False
0,30,CTD-2562J15.6,013412fd4b4b1a8001679fa93a95e4191f21cfe052f10c2350a621c03ae56361,4,False
0,31,LRIG1,01349304a063a7477879031139a3ed680e5274b810c851aca490114789d40fdc,4,False
0,32,TAOK3,0138d583fe23a466124c1ff20eac57a652ac3548d64664772eb7c408af69b776,4,False
0,33,NBPF1,01445c90ac1ed379b2e0aa2114e4ed050787af01b5b3caf8bd300a314d04e5f6,5,False
0,34,EEF2,0147415200a7a239996287b4d78aa9713833f47e21a9cc7455037d09dfd99ff8,5,False
0,35,AC007620.3,01488500088beeb8870dedff06ed51624aafd49b131f39faa9b1e805d7dcf213,5,False
0,36,NFIA,0149f3d41240d4efdf7a5a01fbe7fd2ce5bff59cb03757f921c510eb27cb0831,5,False
0,37,RP11-276E15.4,014c7e2abbd5a64d4927c4fa4c681989b6a46f150848a058e35100a1b8fed0c9,5,False
0,38,ZMYM6NB,01522086175aa05e6771985d2ddd6159885b38c96e921583a1c9240581cec6ef,5,False
0,39,LA16c-OS12.2,0152ca01cf0b0b705388a9d3157dde86fb8864adac02c0659cca691b4256170e,5,False
0,40,LINC01290,01542120c94d9ffd19ee0405d72ed60e05b416c5a7f72e9f8dc5ac95df4ae69c,5,False
0,41,RFX5,01542438c7135aa5680a40262b3be4216e3e767c8368d3f76a86e736ee2f021d,6,False
0,42,FBXW4,0156e4f1029a88dd11d17b808ec9a9f5b7a26113371e40159c4c63538848f679,6,False
0,43,GIMAP5,015709145875c3c25a23718fa2a346aaf1c2e19529db1e12e1bf6464e97f18d7,6,False
0,44,ATP2C2,01576d4ded9876e7b2dce4afc6449e44a8e994fbb1d04dbd538600661ada0e67,6,False
0,45,TMEM92-AS1,01591a52ef1766b4b494215128d3f43f9354a18c8a7a84ddec56f0a230db3a92,6,False
0,46,RP11-530C5.2,015b54da0651aab5398589600d6082cd044d5c8b49b95e62ecdafe51faa0e536,6,False
0,47,RP11-574F21.2,015b6b9225c77225c2eb50e453451f718d2f3c803b7784172aee781e2b08d805,6,False
0,48,DCUN1D1,015fa17df88544a6a80752b4ac219c821bcfb1972d415b02381d6bac9a5ce2a9,6,False
0,49,MYC,015ffb03d242fb9436aedda29acd9e04689c21ca06aabb041ae056a4ba5945b6,7,False
0,50,CDC25A,01642a62d942062bf36b285a3d17bc870b4f3d075228956efaaedc0ffab363ba,7,False
0,51,G2E3,016815e6a162045412f985659eb7465ce903c41454522516cda49ee24ebf2c09,7,False
0,52,CKMT1A,016874fb5e1c48818d1b616c95828cfbd9dded9fb878b3c217807715d6ff4616,7,False
0,53,RP11-439A17.9,0168cd87ad8302fdd15ceeaa2dcb5c15cf66270765055300f6ad15ee436c2fe0,7,False
0,54,IGHE,016981b65dab01063d7e1be97dcbaec4eb3ccde7c673537b2bbbd0baf679e467,7,False
0,55,PPIE,0169f08563cc6e3c612b38b69428d0c253065a57f58d74770a7873b6b48a7529,7,False
0,56,EFNA1,016a76081fbd4dc17c7e8d42fa4c550c9bd1a5db2a5b4c248d5f4aab413488a4,7,False
0,57,NSMAF,016ef4470216b9c0b0fa05d5a0a747c5d523edf1910a7b18caad7d2b308110e6,8,False
0,58,CX3CR1,016fdd640dd9d8ed78b3bbf1f67ecd3963027b697e6762d1f01f428f537e4f59,8,False
0,59,ZNF829,0170dc5a1d6223b3cc4b9094c8a92b1ab475ab22ec43a7310911d3d9f32f28f1,8,False
0,60,ATAD3A,017244f3c6c33fbd0f3a61e290f001ab56f907e52711930263b88223c7a14677,8,False
0,61,PHLDA2,01730da982a758600ba7b6e6409350fdbf1c2ee36e31b646ffa5c815f169a127,8,False
0,62,MURC,0177111440c9c774553bd41544958428b24bc790ffd854528d9a9b28c87e2193,8,False
0,63,MRPS12,017a8834c415dcc090c74560e0108eafbcc557291853857eacc7bbb60eb1fc77,8,False
0,64,ATP13A1,017b1901293f84eb981762e45d93192e2bfe8c6a0fc33b1f672361d660c7127e,8,False
1,1,SDCBP2,017dc8eef74ca9ae9e780e7271107b4c1b882112dde6ad4e705eb0c648204752,1,False
1,2,TXLNG,017ddd375e2a78657122ce0a997b0d2444032c82681af163019d1f77b089d4bf,1,False
1,3,SDCBP,017ed3eb91ff78821ce1e5696373c30a20a391fd52ebc3666d69fe418568c61f,1,False
1,4,UBE2E2,0184c29de6970d984dd17c891c668cdb42628a5c94ec9b77bbd43b5eaa6451b7,1,False
1,5,NCAN,018861e5df491966593f095b443bd73a1cb909c5802b086bf338993d4114d171,1,False
1,6,CRYBA4,018b8128525a59871e07fee7e42167c70d1b6985c59bd51679b06ba320a48177,1,False
1,7,ACTA2,018db505073982c7cbb50f882fdc5a63645546a33a2765e9e907f112ffcad5cf,1,False
1,8,BEX5,01937d24d7e54df19d860901d6ded4a74bfc9e62a7289cf03b1ce3a6b7829cf4,1,False
1,9,NIF3L1,0194893ee237e9f7ef5d2a54a52e3ccea94ed74594f567891eeea6c08fc7b8ea,2,False
1,10,NPIPB15,0194dbf41e5c12aa5d0555eef0a75ef1e70d170094667e24641dc1f688b1d95a,2,False
1,11,FAM109A,019b2c1fc295d144cf093df0ed8cf01c53fb43709e49cf86827abf6154cab1ab,2,False
1,12,ADGRE5,019c0b770f8ede517f1a44145d43ef845eeaf2dfe6c8372f50f04b3dfe6cc14f,2,False
1,13,NOMO2,019f5d8a16fcd81497703f9e6cf43cef901406753ba7ef554bb71087ecc0ed33,2,False
1,14,WDR24,01a41dc6611c2050f06ffb3a69cd573c76f57bb20497ff81b8f7d960ccb65a14,2,False
1,15,ACR,01a610e823cce3cabaaee9e8fca67348dcabdb25e10f75e92b9a6efa0b4ecfc3,2,False
1,16,IL12RB2,01a82709f82e5d93311b62bd9cc27d73dbe503796fcaeddb3875af744a217f64,2,False
1,17,ZNF718,01aa77aabf35cc973d62cf3bdbb31560cce464d3bd5b5482047439ce47ee5450,3,False
1,18,SMC1B,01ac1c48eccb56d5f04416bac1b4f2ba83758cf06ea4fecb29e889175d365675,3,False
1,19,RP11-498P14.5,01ae28592276fa9d5395226b86486a25b5df0fb2338a45d5d5ddeba78bdc48ab,3,False
1,20,RP11-932O9.7,01af6e337cc59b7b41d67ffeb4615d7a1c36fff462d0d3f74a8c2fb1e8a661ff,3,False
1,21,HSDL1,01b0de40fb14f079727094fc0a98f9c7a2e62d43440292980832ec9092ddd886,3,False
1,22,CTD-2562J15.4,01b326ecb387a433e33fda6e4918b97a2c0a6a36f7212d87b8ebfb269782ce0b,3,False
1,23,ANKRD13C,01b3a0ba350d3ac5ddd7c797eeaaf7ba15824306d99709d039ce0dd2fdbfa957,3,False
1,24,IGF2-AS,01b3c3468d4d94e394fd5251d05b2ab75843d060889988b7107e379ff52aba38,3,False
1,25,C18orf21,01b5a2e0ea5488d0f9f5ccc34294a360aaf973714c24be17d31a246614f51595,4,False
1,26,CTA-384D8.33,01b9af9823dfed4f28040c0486712dc275eaa38853585b92ac6feb401df07365,4,False
1,27,CETP,01bb625585ab1f510aa5baf8519dfab5327d2b7ed56b0aa04c1b7efe1b41043b,4,False
1,28,TRAF3IP2-AS1,01bcbb775f430eb97c914ae6c8a4707439fe22490d7eb1920d554093e5db4e5e,4,False
1,29,RP1-142L7.9,01be1ff05367ba8e28954f055c2b30ef8e0c86fb67da7ac31f3606756d599453,4,False
1,30,RP11-363E6.4,01c1403a15b160b04c813afb15d0987996b520e0d077fe86dd76396a4b9b5e4b,4,False
1,31,CYP19A1,01c141b722fcd33d356263e2ba495a9f1a7d83c7628527ae6d08fc9825a662da,4,False
1,32,BBS7,01c70908ad4c6b6766074b055b5912a35320309cbfc93fb27a3aa9e69184624c,4,False
1,33,APAF1,01c9817862d1e858951d33a07728d70d292c3ff3be7fcb35d088573303d28c30,5,False
1,34,RP11-798K3.3,01cea0ea22f87966a99366bf5a346ce5142b13485c52eab48153883eb24d8f1d,5,False
1,35,RP11-660L16.2,01d5053a860baffe1170e281e3ea4bf375409758f07ba2c826021305d7133f4b,5,False
1,36,AC092431.3,01d9469517da81f36808fc6115cf9cdbfdcc68116bb0b07f0f95e60cb00417ac,5,False
1,37,CSRP2BP,01da6f7ef3c22ef696d1061ea43c9d119598d412d0221de678075ba56a031f97,5,False
1,38,ENOX1,01dc8679ad2146f2a9ac079c05c8037f38a0b444bda85e12a25cf63ffc4d1899,5,False
1,39,PDK1,01e0066fc8f3aa7730b2fccd4497fddd4086696611a5cdce8cb7783ca86659af,5,False
1,40,MIB2,01e2a82e842cdd3a74eda44ece0e8a79840666469f0e29895c528c05ea13a049,5,False
1,41,CACNB1,01e8ae8bca9bb162139faddc36e143d8dc1791eaba2dd349c45068608290700c,6,False
1,42,KRT86,01ec8897d7b3e87bbfbb6bc8b4e9e54118979efd468144bdcd05b7d1ab11689d,6,False
1,43,TMED2,01ecb5a8f3baf2cce57d607cbb9682f2d3df537b2c297aeadf4ee35473ccd8d6,6,False
1,44,ANGPTL5,01f10fc063df0ec2bbb525dab494db704fc6a4eb955e452e67939872307f959c,6,False
1,45,AMFR,01f5404baafb4008c13c877a7ce40195b000673db9c79ff0d570ed35e3cb4aca,6,False
1,46,GPR82,01f76703667580d953a5007ec6be040850833ee188769432bef4145afa7213cf,6,False
1,47,RP11-894P9.1,01f7713440665d6e99a53dae463f23bbb3100f7f46e40efc9dee31f59cd5b320,6,False
1,48,RP4-536B24.4,01f802166a763653b79c18895668a66d77f0fb7d71a7fffc3f444b51a171cbea,6,False
1,49,DCAF17,01f9b6fcbe7b18996a6f3ecd54b234749b49b49a32ed22017fb155817fb30d4b,7,False
1,50,KBTBD11-OT1,01fcf5f24e410ec2001861dcf1decea34676fe3d2ca3d4e4e5e8e40e9aee623b,7,False
1,51,PIH1D3,01fda6601675174dafa3e808079e42da4b1d27225549b6c17be31929db6f1fa3,7,False
1,52,LINC01322,020628bb9ed351b75737780176684527635902e0850535fcddee6a70d758c2aa,7,False
1,53,BTN3A3,0208fc4fe0f061c07e4da1deb610d85b2e46c1b2f6fc98a03606a7dff59ac342,7,False
1,54,P3H1,020d78bfa01a6c9b7c4bc90fe36612bd9d6ea50d55f102023538a11a022d1508,7,False
1,55,RP11-359K18.3,020e5c5d68ef9018278bf8971b4083bac26d6576ed52cfdda5dd01aeebe99412,7,False
1,56,BTD,021072c62a175ba5ae573643958d09fd48c2b0c1fb42e1ceaa176266a8ba4e1f,7,False
1,57,DSC3,0210ac15cc98692daeb373b8c02030e11d97f2da3c05b5d5ec472f50bad8ea99,8,False
1,58,USP39,0214a323be8b494839b3e14463ee5dbc70f19264acbd5a7119401205e4eb8192,8,False
1,59,RWDD1,021b7ac5a9c3e9048d22438f92542598a066964dd185fbc7a1a10c2b755e0f7a,8,False
1,60,ZNF846,021ba0c0f957429307736e6cd583ae6073262496c85336e2d758fb11b3fbbc84,8,False
1,61,RP11-65D17.1,021c1fe487630c972737ae136dfd2e7692b227897b18cd40acd8ac75137c498c,8,False
1,62,HBG1,021cfdbdf415e5d31573c850955fd9dc5b696929ba0853255c95a8c7eb34ae33,8,False
1,63,AC002467.7,021da5078cbbea9b2d3ba61622ba95f77f84af80ec24ae2e1f391a0a45533bd0,8,False
1,64,TNIK,0221e78b7a728bc6b86869e826944284a289d26ce251153d40c3a09b9f663cd4,8,False
2,1,MSRB1,0221fd5c1d1231644e81310798e8b3cc937f1f13410c4e18671a6510bc9de9f8,1,False
2,2,CCDC18,02239d1232de0d99ab8c4664503f597e44ce20668176c86059aeea80ba34d88a,1,False
2,3,SSUH2,0223bc728cc9bc6c8e357c16b7fe2265fb01bae9d8e3673aba905cde9b95460f,1,False
2,4,CEP162,02265dd7d23929e56c0940192ff9ae4aa8ac1b352a0794831ee9e768cbb853e2,1,False
2,5,LINC01151,022a5b580b522cdcf42a3e61dd2d18db12086de27a25a417c68b263f27005488,1,False
2,6,DUS1L,022e20e2b1b272c0e5bc098b242236680fa2e61aaf824e1a58f4aecb0743d25a,1,False
2,7,PLXNA3,022eeb7dd92f4419e2c5d21197d753ec82a0c4ace209e819babb4e501326c756,1,False
2,8,RP11-1105G2.3,022f27e0be23ef7bca1608cdb537f376cf3d103ee4eaf4f3ba82442f3703de5e,1,False
2,9,KCNJ18,02308ff7afcf4fd2100165284a85b68b032fef371f306aa112739d6b071d4681,2,False
2,10,AC005009.1,02315ce0047c6660e47fd431abeba2acef4929934045056caaf19d550d026cbe,2,False
2,11,RP11-488L18.10,023409ddf940c9165ae7eb656627f307c77cb23350e33710e16087723cf939db,2,False
2,12,AGMAT,0236f8f4a3f2b7f3d19469d84ba0b983bb8cc8f9ce6a2495483c6308fd2be6ea,2,False
2,13,AQP6,023fc39adc0454cda4e57d85089fdc97f75cee70dc095d3020aa3063282d74a7,2,False
2,14,RP11-179B2.2,02425981a3eb65066ae545583e3716cc3512427ce18307d65672cd3f84008f3d,2,False
2,15,IGFBP5,0242ef88e196bb5bd5a7604abb7398a72995f5e226a5121c1abcc70fc6a29b21,2,False
2,16,NARS,024311395c87aa5e968b94557d9043fc75a1295a30a869f8f10604b909e0ac0b,2,False
2,17,CNOT1,0248b1737da05119f6cc3347ceb61202e7d1a5d764f72d44c48013002f7c717b,3,False
2,18,CTU1,024caa79af2ec8481a1a98df6470b067ef1fa373d9f675c8479086ada48a04db,3,False
2,19,TMEM8B,0250ed71e5d5bfa4f444ee373e9a20ffc3cac0f9e9a0c0c445026cf4229266dc,3,False
2,20,SLC3A2,02549e7a4058a0d157953a51f6e003429e92f24b7599e14261bc3c062546162b,3,False
2,21,RP11-394I13.2,0261cd1f2f39604af6fc9bfed23562d141f13d6c6898028c16262e20ece61da7,3,False
2,22,DBNDD2,0264c85aa6d2a0fbc830ffe9ff696114473a88815a5e2c6260f0ce8f3e0abf37,3,False
2,23,REXO2,026706f19b40b500f8a4ccd5c6a8025df18af4ea3f1e0777f5bc1a1aef40a1e7,3,False
2,24,HCG18,02690ec988ccbe396281ee6eddf704eceaa43b89e07e449853796b0b63954edd,3,False
2,25,TEAD4,0269de44f9ba8c69efe87db50f0bbd2ea41447998f78b75a299391231573a0e0,4,False
2,26,GNPNAT1,026fb4a4e9f450c0a69e68cbbcc262df4ebd8297a1497af0df61fe5a8d46805f,4,False
2,27,NPIPA3,027598a76cc541fbc1f56078935fea77982fd28b1d17c65038f597a02b98810b,4,False
2,28,C1orf122,027926871940321537ba58da00f3baea45a81b371eb1b8325df3e4b5c0f7b4c4,4,False
2,29,RP11-77A13.1,027a8856be747dd3f4537ae3f3be18b407ebf69e4acb3bbd6265285c2633dd5f,4,False
2,30,GIP,027d8cba3167291cb90dc146247f153a64a81d3fa2d3ac0ab2f41cfe64a0018c,4,False
2,31,IGFBP7,028119eee7c6946781ceaaa5069c0a181b37d2794599f88211cab29d7a666c84,4,False
2,32,HPS4,0293dccfbde7731f360043ce864e207930c60c064622c523ae8a451b9e305101,4,False
2,33,RAB23,02988e94ccc23c580f56b0f000f8db0160468dcb6059870cda38c9895ea15228,5,False
2,34,TSNAX,02998f2798c16fabe8451967ea17d8c9f63879d421aa02eac29107a663d4f929,5,False
2,35,RP11-728K20.3,029b1644f8a370a4c2a292c2c667c88ba9b655b7561ac10fa70668529506b0e7,5,False
2,36,C19orf66,02a1d99d72c571085b0f127cd7d8c7735f43980da0b569f23a80ffab40c81d24,5,False
2,37,SLCO4C1,02a48021729e77d80d77d4c7ea4eae84518f39c4ca103057f9e19166648e9803,5,False
2,38,PFDN2,02a936f701cb3e7d2015cfe2cdf09ad18645b5a9dcc6d410fb0782e900ef84eb,5,False
2,39,LINC01122,02aa80ded5620b4d4d461b70157f4db207f19b4fe4b63478b1b7f81482ec0aa9,5,False
2,40,RP11-101E13.5,02ad57543cff985b23d77449dd8e9e1363e80ec6d5c4267577726df520125dd6,5,False
2,41,GALNT15,02b45f19d3510c35850e3529c92a49dc8323b9697ae47d766bf75e6b6e38deb0,6,False
2,42,PHF5A,02b9412cf28d24fd0201aaa22e0fe148b1df89e3674c4c6765df9db28c4d7085,6,False
2,43,DLGAP1-AS1,02ba369946f9ba8e778aa3341276985ef2fc6527e54476ce0d944907a3ac876e,6,False
2,44,BIN3,02bc437d06ab715d6ef745affeb38bd8dffc82463ca3f3e80aa9dfca68e41165,6,False
2,45,CCL4L2,02becd5c5b0090580985d533587d61ef997d457c3191db170ddc7fc8e098e0a0,6,False
2,46,PCDHB8,02cacecc45ae8620a73e509eccc12f37d3464527ba037a72635f177df20166b2,6,False
2,47,RP11-59D5--B.2,02cf2a54a43bb87c7d8a73bd344ac454b06d171998494974235a780187846c06,6,False
2,48,RP13-582O9.7,02d92396e5ceede5697d2a5538c64b9f0160fda1f7de200f967e562aea0db07e,6,False
2,49,GORASP1,02db7b518c44e7ee3307d7766ace23039fafdb7fd860adcb73619f0efb0a5d38,7,False
2,50,FOXC1,02ddaac806f0c4a35380f25ee882dd271f0fdfc10bb1aaba9f8b4aea85821bf4,7,False
2,51,MADCAM1,02e28c44addbced9daa240dd43b0db968026ad7cf4f6d57f89dd1e7d3c4f7c0f,7,False
2,52,DOLPP1,02e572d1196158ebcc296a71b5af595b21dc21c06926b5d6cf00ff84847fb480,7,False
2,53,RP11-157F20.3,02e6b47e78fc4fe5cae576ffaff4a14fb8208527334ea9db6ea61c74fd5efec3,7,False
2,54,HOXC9,02e70abdc11e5e1162b8c111446f3cc61b108e1c027281d65f9e09f69d08c63b,7,False
2,55,LRRC69,02e799c177bbb0260ebaf8d95c31dc133690a86c38c0658fbf6d9a52af08c3d9,7,False
2,56,RP11-716O23.1,02e79c00df5433e2fc6d3356314585c579a63272ef08d254edb7579e6af1654e,7,False
2,57,ZNF79,02e89a087d2837a18ef29f49c543b43fa668e9927fc3aaaf0897323831b5eac0,8,False
2,58,RP11-285E23.2,02eaf2383dec0d3be550661f8edcd442bc1887a30eb5a0c099bc1e47f306958b,8,False
2,59,UBXN7,02ed0a6f89e3a05291a8c21148c37545619628b4d5670e8843324bd72539681f,8,False
2,60,RP11-367G6.3,02efacc304ba2cd651843ee2dc962ee07fe0128669b8fc73e1f1b542dac274c7,8,False
2,61,PAICS,02f2e193d12cc44067d336fe964cf514110b1a4d0b128b6dad73172e4fa5857f,8,False
2,62,HCK,02f35b6c46fb4f9c09480554a7dfe01e7ed0fd9de222172b5e71b983d90de563,8,False
2,63,IRAK4,02f51acf84bfca4023f9eebd305f964eb9424ada5b4dfc424c5299834376b400,8,False
2,64,EXOC3L4,02f53782e92ca4b52f8356b631fbcd723280742972c7ca1fabdd0e8e6bcb52d0,8,False
3,1,DCLRE1A,02f7261eca8f609992326634f634beb927a497a38d34e57d71906d83f4968363,1,False
3,2,CHD8,02f8bf8646964d6305b6b9e969a7f5c55403bd079f7f9efd5639010bacf9f7c8,1,False
3,3,XXyac-YX155B6.7,02f9d81b1a02b971c2b7bd3d5c87d4f54e832eb8986047359035c89c8202092a,1,False
3,4,ODF3B,02fa573d5383780da6f4cb9b59c1b2e132b3d395ca1fd9baeff3709aa8b3e405,1,False
3,5,RPGRIP1,02fcd50872682340a06a3b583514ca2b716f938f75548b29d175d731c5d79abc,1,False
3,6,RP11-817O13.9,02fd2ce118643ab2b30360518657c25bb09f2b9f616e2e2fed07a408d33d2d07,1,False
3,7,LINC00319,02feeebba713e17d26ca4f6494bd6cf0cb098a051f714c2ec900c9978526feff,1,False
3,8,KLF10,03033372639ed47e3e78a21cac99cac61db0299eeceaaad736b71594a0eeb9f7,1,False
3,9,C19orf18,030563f765ac8f26b7bd044d7041a2cd7608dd9387c70dd1e961704b172cb02b,2,False
3,10,GPANK1,030588e832adc76cdf99fc0f5c2d864b06dbaa448ae4f6fc599a5b39f1d00803,2,False
3,11,PAPD4,030785128b001d255fc05e3e775b5cebbe52765028e0b3008a694454aaed6b31,2,False
3,12,RP11-345J4.5,030a5f4abdc70acd92afe539af226ab50bdf9324a46ebdd6db9c8512f3198ac7,2,False
3,13,FNTB,030d0dc9e25a1480a31f65d81bea927e8f997d42437d0b2f45cb77b688f9ce35,2,False
3,14,VCPKMT,030f5c348f2021ecb1d5554ca07968603c990b3a3ddf78cb0eb9c7b7110f0704,2,False
3,15,LITAF,031013a49db01619d73febed43e491acefac52d57ce62eb5229f3992acad4e15,2,False
3,16,BEX4,0311a648a7e8250b19353b215d8c240a260b99836ad483527cccac21ef38eb84,2,False
3,17,EBP,03128bfc490f74a97a1c206a8918cbb55db28392fd1abb82c6f7dd9d57998c48,3,False
3,18,HMMR,03131b1bc4546699c429e1af342b212e4870859527f2c0dcaf0540e4003a772d,3,False
3,19,SLC22A15,0314f2f4fb63d78f845b9c74cb9a79f1c213a527ce5c68d00be3276b26c01d0c,3,False
3,20,IL12RB1,0318647be53817e36621a95fb900f59066b4011c1a4cf3b92d693b8480fe41fc,3,False
3,21,CNGA1,031c55cf661ec352bc307cd7745fdde8b227cf70ea8f4719f697060b53429be4,3,False
3,22,MIR3681HG,031ca0c3083d19f4fbd9ba2dc18f1dca1dc0417760240d1a59768adf9f158333,3,False
3,23,HS6ST3,031fea1af73f088e17720bf939e20da23c2735a3ae4a02f01a8958cc94fe9272,3,False
3,24,RP11-802D6.1,0322928c42a580d6cda828e3c0b5d3bef6040192f8e02fda1294c183bb44af38,3,False
3,25,HAPLN3,0325a2a78a13a872c66f8f783e9a8567a5aaf748d5184c59fe2665d6faeb91e5,4,False
3,26,RRNAD1,0327e56857143354751b3c3049a2099adbe1fee8908cdee120b7e0e98a57e2e3,4,False
3,27,RP11-434H6.6,032cfc94509d1fa856f3bd18815cdefb74062306762a1937d4eca6524df96095,4,False
3,28,CA12,0335c2fd4643de5bad8eb75477c61eaf189062d0f24c3cfb1f6b17852ac1e40a,4,False
3,29,LINC00885,033ed9adf8e71a95c03c686c96c83e0b764fa7ca5f85438fe66522a6b374a5c1,4,False
3,30,RARRES1,0340cca644a429d6730af3c66976b9167840ce7159af7dc30b7cb6f7557146ac,4,False
3,31,SPATS2,03418ffc01276f03f6816cef7ab1971f794296de521765652e14f4a32330e9c6,4,False
3,32,IFI27,034a5f89253e6e69ee155c5ffda98162ccfd7b19592462e11de02ad37028ac66,4,False
3,33,EIF3F,034e7dd517cec898f0f089754735e9d7f2ff252c6c4206017bb1262282c82368,5,False
3,34,RPUSD2,0357dd6f5844d3b48e7e0055d2d8909355803e208df796ba60867d9f04a73779,5,False
3,35,HSPBP1,035a071d170025eb1f256b89833aaf7adfff187208e9ea9ca38802324637d77a,5,False
3,36,PELO,035c9fe98a88259966d64c8ee6d14ccf7740c2cf1d84b281910b320bbf787277,5,False
3,37,TENM1,035e9825275beea1a9b1b7f0584d722a844677cfc12b7b83adf5785c7f1662a7,5,False
3,38,AC099342.1,0362d6efe43295845c044cf6b84a39d5f8298e089d0b0448e5b364727a677643,5,False
3,39,SVIL,036742e27f39edb61ef2e3d4b88f0a83ee69e0a980d6dcd335fa2d9ca703a616,5,False
3,40,TBC1D10C,03679c898e4f2d4a31f42f488fc4eb1bce317aaee688ac7ad0ca52d78617e6d9,5,False
3,41,HIF1A,036817cf33484e0e63fc96621732a80aff6f14a6a2aeb77e67b647b7f56753c3,6,False
3,42,TPRG1,036bb0b34ba3558a26d727dfe0b52abf25252bc3b3d466dc6bba9ea77084ece9,6,False
3,43,HEXDC,037066d75eb91c05e400b278b187ee9e932b5fc6204b6ef5d3505f05cba2b6f6,6,False
3,44,RP5-884M6.1,03716564dc9790ea2e74654fe4a2c850d8ebb5dd53a52dd577fb242aaaf5eb01,6,False
3,45,PARVG,03722b35eed3a34887f8dff157a57754b50484617e9251e35719bb9aaeb39e06,6,False
3,46,MIS18A-AS1,0374dbd93f98c5b4ddefcb59e608ff20851f35af50567c8e32eb1d50e30683d0,6,False
3,47,C1orf140,0375b2eddafcd1323272f630b4704cbaa3382d180d90b0982c4adbba697d9d7f,6,False
3,48,TRAP1,03760fdae052a6e5b19ee9934c15c00674bf4b2cc1421c85fd699d0c37613305,6,False
3,49,POGLUT1,03780768a3dc0cea346e864125321507a375f7ae5744c4e09d44911f62a8bd8e,7,False
3,50,BHLHE40,037d74a66825d2da4f57976d37a4652c9e847cef72a6cdf6546695013797d305,7,False
3,51,MAFF,037f650781b6bf352975b3a2adbefdb9f7d6938eef879c2ca9b5439a7dc8a0f6,7,False
3,52,SDF2L1,0387fbe26da8c553ce9c48e75a13256a7958e284428eda5e306ae6fe34964fd3,7,False
3,53,MAEL,0388ef6400a12ab87733e310ebe8f33f677511c53def2d53a51b15d2476cb5a7,7,False
3,54,LINC01132,038d5a433ac8c92a9e8cec7f86a0de169a7b66fc365378f1d74a31345a54357f,7,False
3,55,ALYREF,0393f23490963a98f6bed2bfb98996b2cb2a34a3b16df17534e9a6d948e31f67,7,False
3,56,CMTM4,03949bac3dec976bacd5397021adb8d0545317a5eba51ee6a77c722cad4465d2,7,False
3,57,MEIOC,0394a4e76225ef5c22343aaac8db8d78158596323c546fc6c8435cfe8dd241ab,8,False
3,58,GYLTL1B,0394cd8c4a17d951cc3a56c0757c426859b34a3b6b97fad649d5d21a2b4f42bb,8,False
3,59,IQCD,0396357179785816ebf5cedc7c9c896d2031c2c45192811a06fcf19f97cf9bb5,8,False
3,60,MRPS30,0396e0308393b7fcb6d1a6487a7343536a2ba4e9611dd89c8ab0682f428328b5,8,False
3,61,VTI1B,0398dde9146a700b71b14bfc4de22e0916c180e361a3210e2360bfd7cbc2cf42,8,False
3,62,BRD8,0399502b004f701f12467627d1d6eafaf570c8705e671fa04de7ec127dcd79d1,8,False
3,63,LINC00682,039a3d741f36453a30e2fe3a9669e2f86e3f834ee994272f292dacfe59fb6743,8,False
3,64,KRTAP4-9,039e0f8305efb67579e84f4d53235d85529eff02b5b16f6e7d5538f56cc27658,8,False
4,1,C7orf77,03a140fafa9af61a65d680d29bbf2337a86699a6995a3eb3a4f3a1c0c44ed4ad,1,False
4,2,MGAM,03a27c2d2ca0d7f955e3a9296af2700a23f4d04978a55f7dfc6a9c5677907b92,1,False
4,3,RP5-991G20.2,03a29d441748d43480631ff2b668c5cb4e74d012e51009572063ca1dfe5b0c8a,1,False
4,4,CECR5-AS1,03a48bd895a18fc79df3edc25723b5432cb57b07533603eca9c3ebd2603713a4,1,False
4,5,C14orf166,03a4df32e9d49e484f2345ecad18007bd3283fa7120a145333770163c7b82300,1,False
4,6,ATAD5,03ac07f007700ded333fcc5e0cff1d5022d3748b9aec7664836611aa65207ee4,1,False
4,7,KIRREL,03ad34f17537a2241d3b6ac792e6be921001ffb2ac49efde25706468422d7495,1,False
4,8,TATDN2,03aec588dae3fa1487a93c91b2c78017519d5533b611cc6a7a23c751c66d4586,1,False
4,9,SEMA3B,03b26cb85bbd64dc7e7e420a375366ba49e15ec3cab7867bd5d79587a058fb34,2,False
4,10,CLK2,03b59a36a3fae034afdc658b759db8b1dcc516184efcf90fcea1c7472aadcac1,2,False
4,11,STK4,03b6188f49a17bb91a06b82d27b52e60edd54ce604d05bc6e3fa27c040f1c9ff,2,False
4,12,BAIAP2,03b71681c16e685ddbceb137d82f8f0b19c6ad951133988e7eaf88dda00309ee,2,False
4,13,ST14,03b8f1b57fec8d6479f24d0f681a7e5e95fed6f04488c689f721bbf92969962e,2,False
4,14,PANK2,03baeeb2c37b3d021924981c597de1b71403ce2569fb080e59a2e8a7efe96b5f,2,False
4,15,THRSP,03bd0e42d7342f5c0795d93fdab6357ab6492ef1462ae6ec205201f227864c1a,2,False
4,16,PMS2,03bfe11169f20c95aa7ac60bb615f8af1c32d8174635000f269943f3caa6cda1,2,False
4,17,SARS,03c0980afd00bedd36a008442868de82a42b279ee73c51f3ef71e6412d9b7722,3,False
4,18,RP11-255C15.3,03c516fda8975987129b34559e2bf9330dd239533d6702c4a2a207302abc1f04,3,False
4,19,FRYL,03c8cb208aa93855c92603512e810397000ad557a65e73f41319a79451c2d57c,3,False
4,20,CCDC93,03cdb3cbfeb01e8167978b63eac9e23b0ef71deec39aa748db9295a332201033,3,False
4,21,UBE2E2-AS1,03cdcfec84619cce671c5039b053c5b428070e847725d8b9c951811fae5ea345,3,False
4,22,RP11-1017G21.4,03cfe3e58883f9f8afcffd5f2b21b8b79350fc53f9ac8292b9dc49422c6d1aa8,3,False
4,23,C1orf220,03d1d8c55f8ec95816822ae93ff3316ef55298658554c399849c350e9c8ee907,3,False
4,24,RP11-656D10.3,03d525cf6604e6ea6bd0a056b65d5d914a71103b2557a201e8aed4f87f70b7d6,3,False
4,25,RP11-770J1.5,03d7e9439e5c3320a47dca52e927dfe1f7b3f734228a49c6440c0aa922414049,4,False
4,26,WDR90,03d8524ead621ad37f754aa9b9395578d4309d3e0cfaf5483d916c3c429a3d62,4,False
4,27,KB-1592A4.15,03dba2dd8de4325b0a6e37431107104fcaa713dd3f6175e345c651155f911be2,4,False
4,28,CWC27,03dfc6cb2826545c190cacd2e941fbaf5218c5c325877ca080aace45935a9b1a,4,False
4,29,GLYATL1,03e1a87697b0bd67476bcf94f91ece4fa24bf7529c895c9830976b04dcc25abb,4,False
4,30,SBF1,03e234ebd6850bc741a504ffa194bb075402f79a3b214f8302373a99652cc9dc,4,False
4,31,ATP5L2,03e63145d7861ff008425a3c31f60691de29139293ab6f8d9ca7fc37f1b49aa2,4,False
4,32,SLC39A5,03e7f01963ced95fcca68e8b4f6d895a51c7c459bf6bb9735c296c57e6e312ed,4,False
4,33,DCAF8,03e96d7f47192ff307eee5336252de842826bc63b18277d3ddd640e8349c0491,5,False
4,34,RP11-26L20.3,03ed6fa7480fce479fbe356a96a557ac06181c453923276398c0882e5da84489,5,False
4,35,C11orf74,03ee650ef84263610f77864196a16b70e6294154fdae814287548b4aed172a4f,5,False
4,36,AC005262.2,03f02c9e0b9d7681e9091a3785e8c4122e6b0631408098b09e3dd61a58f06201,5,False
4,37,RP11-74E22.3,03f0c670475f534319cd3960c8d2c7d640e54d267437d56e134e617c118d4a0f,5,False
4,38,ACACB,03f22d9bb58692abc9839b57c31fcde01e72fa77687d4438333932d46a22ee9d,5,False
4,39,RCE1,03f2df9e9602315453f5242006f06c6e52fe47cd94faeeff96a074065747a419,5,False
4,40,RP11-60I3.4,03f360d13070dd3b094b06141afe38d8bd46f39d421d1e301de25626dbc455a5,5,False
4,41,RP11-1038A11.3,03f3775953e3096a21eae508017744b4f820bc994b787428a301c9d9f0d06e26,6,False
4,42,RHOBTB2,03f4ba1391ae1c3f750fcbec7791b8d63a1390dcda240d023b8cec4eca6f606c,6,False
4,43,C19orf73,03f978e90c53f7128d47ddcf587433fef56be483be10dc811b094287791237e2,6,False
4,44,LRRC3B,03fa4f69d0de0038c1977aa2596cdfd38c41a917eb6fd8247a24e86b98ffbb67,6,False
4,45,ALX3,03fe243518c0c62e55ba6a1c40597183c06bed1e10c0d77c55ea73fde6619457,6,False
4,46,SLIT1,0400465d2dacbb082d42f61793a745918c5691d85585120535f1505a7904a164,6,False
4,47,ALG1L,04018f6bf5386f6ecbf2b47b6567bd22f5f36530927b6a60c8eae05a60a8121e,6,False
4,48,RP11-47A8.5,0403a215d87588d9e828d8ab3e6b97db6dbc6c26c83fa42f0888d94f066ea627,6,False
4,49,STAM-AS1,04041ef47a9e4018434bb674f6535cb5c0679bccdf3d4f83963fb298e55efdda,7,False
4,50,NAV2-AS2,0407999e02b26f10745605ddf231f392a5b80cb7569f2933d241f6ccdbcc45fa,7,False
4,51,KRT15,0408f893f4908c35d69c4b6c69df19c5a971cda028941e188b1c818f4ac23d30,7,False
4,52,ID3,041149186b23a9502aea5a4e81bbc9620d2b4b76b4bad94e36c744abcf9d3771,7,False
4,53,TMEM150A,041411aee12d44d073b362e6c901600aa9e230915aa39d917c6bc588c6c27392,7,False
4,54,RP11-290L1.5,041619a6b458ed139b904b28d616954e3aa6fa7d3f5ca85462bf658b86d110b9,7,False
4,55,PDK2,0418d6fdd5d9afa8e5247063d98cef4145978365b344ce05bd918a5968b5dff3,7,False
4,56,HES4,0419b9b66310563c9edd9c7fd560ee7e72f6394908bf6bb1cfac19e260a4328c,7,False
4,57,ENPP2,041c4c67e9e64ee1e99656a3402cf43f792a192dda81ed843b71e346152bc759,8,False
4,58,XPO6,041c534a6c8b067614bbd2318c62407385fea87941a6702c30485546dfeffaee,8,False
4,59,TRPV5,041fedc2967f0c89bbbbbda86f4411e586ae2fe4b02d7a2f540da10ebeedbd13,8,False
4,60,ZBTB47,0424cb5ded6e52ec43ca7bb8eeeb961c64a4570c2e537ea79d815c88bdad583e,8,False
4,61,SLC15A4,0425758eacc8cc52b5d4ef63c95602c88ac111a575f101cfb2ddc0361a6025b6,8,False
4,62,ABHD2,0427c2cce935be7080b2754897460a9c9ca5398180898ecb041e914fe97471ec,8,False
4,63,STX8,0428e8a1e3bbb4dea181eb4d92e2703d3d83c36a09fad0d4b6f5396fd9529f43,8,False
4,64,RP11-143K11.7,042b1f9e409d18fef1789459ebc0bdefd55b1d45f42d4261cf5b9663d79c271f,8,False
5,1,FAM84B,042bfa064cb5d23f65d7e3861e48088c225df9645cf940f23fc4c6cb73732807,1,False
5,2,RABGGTA,042ce82bea19f68da7dfdcdd608eb48a45658eff16d405b82534622289c9b7a1,1,False
5,3,CARD11,04322871fa394eec50af2c8858d49b923898ffa02bb731cb62b26a32d5b0ecee,1,False
5,4,AC002066.1,0432693dc8f4a55f821b7640c26b1096c8db81b0489bbf95c50942a8377d9162,1,False
5,5,GPC6,04334d157fd3c8ad356b68481d43854a45ec6ff6896e14ebab158edcac866c68,1,False
5,6,CCDC183-AS1,0435ebafcf21a0f231c2a1d20e3d8781039f42ea46bf7d613aa2c81d66567992,1,False
5,7,NR1I3,0437c3e208dd85ae6090b5371d2994f226a0674713ff052969e4ec32d3b936b7,1,False
5,8,C6orf203,0437cb80b43cae4b3883dec75ca7f64455fd9c2688b7a4acc16621250a4aae75,1,False
5,9,RP11-408B11.2,0437fb8f69d14225c978e8fc6834e7772789c96628ac3dd7da60c7fe0e68ef57,2,False
5,10,OR2AE1,043893e1d9f2e2ff793312e19f65d29c495f2afc985d3d9f547063dfd0ed9121,2,False
5,11,OSBPL11,043a7f8d87d34153650ea3a2b0631ccd8617cf5850aa279dd8a23a066934963d,2,False
5,12,RP11-255E6.6,043b82f97fd6ea41641afa8ac0c60b13349058800611782d847351173da5cb93,2,False
5,13,RP11-154H23.4,043d413f85f6dda8f68e2e1117b13ed39ba769e11e5c22526317c338a08521db,2,False
5,14,C4BPA,0446e66d8c830343c7dbb0e0c5f7ca186f74977a616986959cd83920fa503ac1,2,False
5,15,ARHGEF15,0447c93e0a87f561b72c011583ca8ba2f97b1cd5d8c9beca041668db442cac3f,2,False
5,16,RP11-961A15.3,0447fa4b5bf6553d8358dd287ac58d41a3665765c18997e839a5be169d4f3aaf,2,False
5,17,FAM92A1,044898d7b2771612a83da23027cba8cfb4dc8f43a76eeed7c0d85f964430c66d,3,False
5,18,AC116366.6,044b5b8f8d82e9c76a48dead40c83f4f055158efbb3dee60b284f5be941487e1,3,False
5,19,RP11-390F4.6,044f73e2896a6912e6acb3dc10a990eb5fe50e21229df718a0db8985c0c64d03,3,False
5,20,ARRDC1-AS1,0452792d535fa7043a6905b1fecc40e8c50e271ca0cd83117a7d2e15eb028514,3,False
5,21,KCTD3,0452a9d5bf3a9d39a8afb02102fd0587c6dd332c36a4b0629fcc47bbb03bd532,3,False
5,22,CRTC3,0452cb6d6efbd117d8e9db9c0f23619447ecee91ddbcf32e558e47b30aab96cb,3,False
5,23,MAPK9,04534b19d07d8d7e1ba3854ea9ee6968e36b82136b799ae5e9e0bd04ddbc54e3,3,False
5,24,MLLT11,0453bf2646bc2d897b19120a12cee956575cbb1908f4011030d505e60d6df82d,3,False
5,25,LINC00482,0454a17870276908e815ff914fab0edf9087bf0e916388bff317bd586705ad43,4,False
5,26,RP1-79C4.1,045acc8b63ec66f537b89d9a6cd33aaf3e7ccf74770b5fa75fa6e73915ccb811,4,False
5,27,RP11-78L16.1,045bfca3cf68c75472dc118756d4cfa70c7f5e74d0699843eb22dda51cdefa96,4,False
5,28,DNAH10,045e0f743a0e4fb2d8418f0944ab164d8450b28d669a695efbcc66341667cbfa,4,False
5,29,SFI1,046065124725a96f7258c775cd91540483e1417b3d3d56a02cf02973a75f9915,4,False
5,30,SMN2,0463a4e1985cb62d75a7146ad4228f8dae4079b123d9211990ed8bb46a0ce342,4,False
5,31,RP1-111C20.4,046a940ab430b0fec15ea49c4d552690feb1fdfac4b389c8e1e669ac2cd38e04,4,False
5,32,LINC01126,046b2a367c0ef77833259e89df69c22fef43693634fc87e9ce91c3f7a27afc12,4,False
5,33,WWC2-AS1,046ca8d895323363e64828ce474ec3e51ebebc1d2c42089b2ce5b90d1ef9f75e,5,False
5,34,FNDC5,046f2798aa6667f0fa211e27f25b90d3f0f5f7f04c6de24579316ee64bc3679b,5,False
5,35,RP11-6F2.5,04739779061362a975b3e2b4ef249db42737cc8a8443b741f1e7225f7ab87911,5,False
5,36,RNF5,0478e680c60070012d3b9b9cba4fee1873081a95d9025f387e03607f4b93c9da,5,False
5,37,RNF10,047b406ddd070b4a4f80adb581b8b2ade1c4bff379140b4bb6909d2ff4e7ab0b,5,False
5,38,FIRRE,047cfbc500a6bca0b73607667a58edad9eaff0761f54bedae277e023fab2f3c8,5,False
5,39,CACNA2D3,047d74cdba53f3c83736ce1d8fb5a47e9ed9db9fa5a8b38f64a1c0c4c4bdd132,5,False
5,40,ATP13A5,04818ee13649dd2c7541009d79c09e589f3d6a0a1bbdd9f5c2bd5e16169ded83,5,False
5,41,NLRC5,0483cc0991e25285fdf332d9647f98567f49c19fabf40d965615ceae53a08f9c,6,False
5,42,MED13,048590a8c0063e74ea9d6510133926a328e44299e01c74da416e071439112c31,6,False
5,43,RP11-161M6.3,0485be59bf3f682361b02044fa00053f6d68a7ac45b54d27ea241686c2215a72,6,False
5,44,ZNF160,048c624c325e9a85de2e45e558e876a347f69d3208c334336be18ea6f35dfb2c,6,False
5,45,AC079922.3,0493ce9a808f97b78d7fbfa1c991f4f50a2c5126449d481c94e55c5073e4a0bb,6,False
5,46,AP000223.42,049702a280de0ccc517f031140104e7f631a3584a54d1fbe6461a14a63d41c6e,6,False
5,47,AQP11,0499e893cc7897f93d4b966292edc00c3df388dca35f81e4e2839c7bf1dfa934,6,False
5,48,RP11-766F14.2,049b319c7f0308af554fd907e59fac661af3d8d3933b8e5ba87739936dce9665,6,False
5,49,RP4-549L20.3,04a6090f85dcf3f113c34f1046fe6d9eb8572a3459b77fa85c518224959d2fe7,7,False
5,50,RP11-370A5.1,04a8328845c88b6359bb9a96b68a9ce5dbb54409cc081327832b6f6d43bc2a6a,7,False
5,51,GIT2,04aa52ad739d1f9593fea6df3eac4e5fe0ab55f5af61e5b23951534352878955,7,False
5,52,DDX6,04ad10b68b085f6895248d8ed5973c2703fff4902f78304f1828905f75dd3eaa,7,False
5,53,CTGF,04adacd6e97d9ad5acbb834635c9fd1b8225f0efa0b12d5d75c74ef9577404d4,7,False
5,54,TTLL9,04b2ca4347b0b0153f79b552e60c29b25c49a51dbf647fdd4f4f2c3ef922f60c,7,False
5,55,MRPL21,04bb7fd27197b1248cd07926fac2237a113cbbe76e142e4aa671bfdf84d12d1b,7,False
5,56,NEU3,04c14b00dc072ec4649e4168dcc28c17e767e71241dceaafe02865eedad8cf6e,7,False
5,57,OR2AT4,04c6b343dbf31b310ba74e6ff14244ab6e308b36af577c96914a432df784f5ad,8,False
5,58,KIAA1551,04c8ce6f062da841721e992423435494b15d7e3d1e20ad7fceb66c1085b87e51,8,False
5,59,WDR34,04cba4d305f4b7e8c56bae8f7f8aff4ef4d46b768da77c3b4f00a226e53397a7,8,False
5,60,KIR3DL2,04cbc97cc924c2641058fd750142c653f297eeda9df86f13a07f888a7ff49a05,8,False
5,61,AP000472.2,04ce761eda107f0c3e84519de36147ba12a46b9e5b72e55717e7eb52cf915745,8,False
5,62,C1R,04d11a704d5e4191f3f60354c2c0714742ce799cce7367a17742a69a117c78cf,8,False
5,63,USP37,04d35c41252d88fa4c16104510488cd70ee8418697eef49a6a4e65d93280501e,8,False
5,64,SAFB2,04d58f72e35558dd51f4819f73809a324904fa0ee9d69d93e7bcad963239ad8b,8,False
6,1,AC006277.2,04da71a94371e17618810003251748902da56ed8addc214a1068efdc3b85b5f6,1,False
6,2,RP4-612B15.3,04db0b04707e7a701056848b3f71c7428d301c8953c436d5109836ccab1c6d41,1,False
6,3,ITGB7,04e10c4c1bb77843339f56569f589563f0f8a8041cd85fd0f189c57b5f8a202f,1,False
6,4,AC137932.5,04e51cf55b4ad2842994889f3a7163a07d47132d1ae368f8ecfa03edc9841760,1,False
6,5,VPS53,04f0663318ff4f48f00f2109edcf38f73b96bd5ec0a084549495a739e3bb811b,1,False
6,6,L1CAM,04f11910f590954ef99648546d1b378dcfdc7f214fd5be66086dd3b0c14b2416,1,False
6,7,RP11-451B8.1,04f3db1c3ab3687481872359aca9ca3dfc8706759273f23e3d8621693345e701,1,False
6,8,FAM3D-AS1,04f4dae7399e5229a33180008099fdc70e0ba0aa39d10c772ed4b10b7511e1f8,1,False
6,9,GGA1,04f925e3297af9cd139301e43a61af3c3b96f6cc018011d0655e572506bfb16e,2,False
6,10,IRGM,04fbfabfe38482adeb1f56f75b881051c8ce14fefeab03b39b1c436b8bfb8fd4,2,False
6,11,RP11-322E11.5,04fc838892468e9f55b52d2ffd624a6d06420c1ac7f7b28baa74f6b952d29390,2,False
6,12,HK1,04fc925ca4a4104cec4ca09906cc6d8c272704ff0263d288b1dc0d0dc8d6c03f,2,False
6,13,RNF166,04fdac83998a79ad12a2cca1ef36935be7f0e8d8b22567f0a0d71a98156cf604,2,False
6,14,HOXA10,0503ff80447f827d0a661456b1b2b2fcb2b79ade0f20462cacb00cdf3017868d,2,False
6,15,AC079742.4,050866a877ec9af96ea70e7f1da99241f150a3349841bdc13481ff60d686622d,2,False
6,16,RP11-452H21.4,050889de37765514707ca4788bd690d9c33509c78e05ab59f1f497c2ab3367b3,2,False
6,17,RP4-680D5.8,050c69cf362f188acdd4d7e501ed58d373423e489baede1ff343ec0b0a9e8875,3,False
6,18,TNRC6A,050c784e9dda46756786de1304c85a8487cfd16e76b7ef2502f7a4ef3e451c66,3,False
6,19,MVB12B,0519a9f7a85444ecfe405069cac8a44f798dadb3d76a3cb2e1a4f621c984b5c7,3,False
6,20,TMEM164,051aefb33b02866317b6a83067cb51d16acc6f4c6d0db8b1465697c227bf30fa,3,False
6,21,DMD,051d5e28026af0832885891fee4e50370ecbb6aa77b9008ae14554f23abf9166,3,False
6,22,RP11-603J24.21,051f337882e3aa0de0606547547b8a1e45896f17332e6de0ed7cd82fdf75b52c,3,False
6,23,ELAVL1,0520e1c4f3c75ac391fdd14734a5e0ae3f11a324b47640842b6b8a712b6fb8b8,3,False
6,24,UBAC1,05244a42a81b6aba667768207a8c6d2bd949e092076793c9aa3b6f08729e246d,3,False
6,25,CTC-559E9.1,0527bf998156b69051282a71a89744334abc499e9b03e64b5f034afbc17a982b,4,False
6,26,PRCD,05289c72cec2c94317821189d04a2bbd81de503e89c90062a6bfd81186d70753,4,False
6,27,CHST11,052ae2c08900a9402473c461f7e62d8922ee65bc48ad65c9f363215b197e2315,4,False
6,28,MAFA-AS1,052dbd34efa755bd7d0b1a5a90dbb548020a69d9c1fd363e312dfa05bc7f0b6d,4,False
6,29,AC004069.2,052de3b04e524dd8f0908b832e6ae00c83bb2860190e5543c67d3c797f2ccf03,4,False
6,30,ZNF416,053154509483daed976053a9b7e24380901388b5f6d4ec82ceea9c9004e940d6,4,False
6,31,C5orf66,0538c7391a8c660edb0495b8e662036fdd3f9c4def76581b85957dad8ae99885,4,False
6,32,RP11-319E16.1,0539f2ef9ff9eb6bf7456b6b0862957880c51ac8bfc5429f81dc61d74f3e0237,4,False
6,33,KIF11,053a5f0a709fcb4e2f19b8300ad02049b8b4cc88aa7b80ed7b3a684e2344ae1d,5,False
6,34,ZNF503-AS2,053f6942285f3b06bfe4212aeb13171489f55f5b4d2f4d029312441ac7d0b280,5,False
6,35,CCDC106,05411bd62e3d4b892f792bcccd8266528898ddf341b5501e485d8f182f738fe2,5,False
6,36,EIF5,0543a1b0d0a98777a7f34396623f986813ead4edbb986b2a8e1ca1655af37c40,5,False
6,37,LINC00545,05479000b49edfb9970dbcaea30f881a5732773fc133d9a0463bb7170b0b6f8d,5,False
6,38,RP11-686O6.2,054dfb4e3c3a6a0b21b8f77e55f3b8fa838e1f21a7e949e74aab79ef72fc81df,5,False
6,39,RP1-290I10.3,0550477585075e60c8c7f1dd3d33ca0b62ed7748189445ebec38bde9aa2479fa,5,False
6,40,ZNF727,0552a3bd39a5179795ccda8c0f3cb556fd1f34e35aae5ed72ec1e155d7b0445e,5,False
6,41,AC073072.5,055320c62e1796615fcaebea88cce4f85e7ad25ce803a6084a8b5224eff8fec4,6,False
6,42,RRS1-AS1,0557060d50b536d499ddf2e7b8f74a4e29642a83f8176df0d64d33ad84cd06d6,6,False
6,43,NIPA1,055737cd6449b592d5dded2fb1bffc14107981599b5bf5fa16106f426365d623,6,False
6,44,RP5-875H18.9,05590d4a1ee45c4eb48cbc2ff8450e791741ea0fc74a52bec1dfa3543c6c404d,6,False
6,45,FAF1,055b6a55ae9622ba7ec6c9ed109ec50173663b575efd7c5b56e95e737794c0b8,6,False
6,46,CBLC,055cfea36e8eeefe8064627d4c434180d53db6bacf89a8ee418a634f74d9272a,6,False
6,47,AP001615.9,055eb4cc616ed93c32ecb999cf6000cfea4611983868124145e6e0a46e2122d3,6,False
6,48,CDH4,055fa973832fb0fe4a328dca3b1e4a4fb87f77a067b317b9f42221ff8d598e4c,6,False
6,49,POC1B,05694ddd486631f11996233f45f491f42c28af0d20c4ebf59c5be99ba188a289,7,False
6,50,GABPB1-AS1,056d6b5a9440218ef79066fe32dad42e225065bb7d886932aee70e10ca0f7921,7,False
6,51,RP11-304F15.4,05746f57a673bedd51287cf74c41e01bd192bd157072b3295966acdb0df406ad,7,False
6,52,MKI67,0576ab632ba5e3f4450c4859cc3808777aece58639de2077fb4fa97cefc3dde3,7,False
6,53,PAPD5,057d97df03f9aacac7e466692ab3c8a8ce42fd25d1aee9f5b442a878e4e4a46f,7,False
6,54,ZNF560,057f6810730c274559273110af1ead6ef9dbf57684ae44e78e39629f9b5c9922,7,False
6,55,LRCH3,05807978d0f7765563ef94f1fbe2e25b10dc43c6498599cbf713eba2b60fbac6,7,False
6,56,RP11-147L13.8,05819a356674a4ee95b9420b8caf2c66f3ca5032e12527b23a48fa7ab6b8fdd5,7,False
6,57,WWTR1-AS1,0581ff48b64fcb9d4ea051b778f9a55fb1e38dfd72c9374397424eaca40528b4,8,False
6,58,FCHSD1,0583769504e77b4e9d6c01c0a1f018c450c44f6312b9a49b3f718a16d822d17f,8,False
6,59,BZW2,058396f18c7a123f6bd5dc9088c83c6eb5ef9783cd36b2b9e9dfec951dca00ed,8,False
6,60,ZNF436,0588290245c08e32eee9d77af5540c0f421ec976a038c50dd9b6382e0d47dc9a,8,False
6,61,AC016549.1,05892c52a34ae8dfcd0d93701ce81e5bbbf9aa346d839dcc9457bdfb963b56c0,8,False
6,62,STEAP3-AS1,058a67e1de676981132272e7f4afe42bd587daba6152701c76cbafd4a1a5460c,8,False
6,63,CMBL,058a9ded21a0d0a05abd2e25ca12713889f1f5f6b0f49632833897d3beebeeb6,8,False
6,64,RP11-125O18.1,058adf4df23a9e35cb0fd17ec2967486c213501848104cb934a1b29d478ff524,8,False
7,1,CCDC9,058b23eeb74d79339d28b798b7282d28b0b6afd2eca9c3ff44785432695c0675,1,False
7,2,RSRC1,0592eaeabc20529b06e3fbc84e98996199d947ba70d9350569ed3c31440a20c3,1,False
7,3,LSM10,0594dc461f819c488bc5ce46d2c5c653abefbbc2e1bccf8708a29d0c5fb84c84,1,False
7,4,AC012360.6,0595a991954e56efe481252899eeabd96bc5f45f90c6d07f932f3019d6d51441,1,False
7,5,NEK5,0595f9f1b22b53ae9fa14f44c3f59f000c1f00eb85aa01b841a8cd80a4936183,1,False
7,6,AC019172.2,059943941b7449214726ed3b1689cb73513ba1157a630350fc833a14d4333f28,1,False
7,7,CASK,0599fc8c0d48e6502b4797cb1ff1ef58f04a4034e9e3bfceba42093ab4e693f9,1,False
7,8,SHH,059bc495e766fd30b15942b9b86194f463c1cb8011022f02419c080a72dd88ef,1,False
7,9,RP11-474C8.8,059beed0dc1a7eb5a50c528bcf8259cf502bb92460381703be19152d071544d6,2,False
7,10,HDAC10,059c13acc1dc81984e238d49d0bcdccb573b409eea7fe8deac4a6a123e24ede8,2,False
7,11,HDAC7,05a448a25db1aa67eeca00398e58c2001f20fa41bb8cfb60153bf5a8ba3defc6,2,False
7,12,SEMG1,05a55bbfdfa2e5f3a98b88ef407f5f8951403cd8c0414c6815aa52dd03bf101b,2,False
7,13,C14orf119,05a7bf7d45b690bddbd8e62be04b0d9286d79f0b53895d487cb561fcbc13054b,2,False
7,14,C15orf39,05a9b4acb310646cb0fbfec5bfa67ea81143317e6cc4bf4e69a225ff5762ad94,2,False
7,15,CA13,05a9eaafe403ca0bda69b91a9e921c6e1b5baafb3f528126d9cad8df364459e3,2,False
7,16,ABHD12B,05aa078fc1fa55c2850694abac16347339815267465023f568fdc930ff15871e,2,False
7,17,DDI2,05aaac34e68370ead679ff352a7f1d2b1459cce4c83dab54d67348467452ae22,3,False
7,18,RP11-109G23.3,05ac3130d3170ccfbc672ba554422325beaf8cba807793064615c7ed52fb92a3,3,False
7,19,CTD-2297D10.1,05b27e38209f092bafce203c2b76e5f318bc29000a1346a27b37c846a5b7d087,3,False
7,20,SLC17A7,05b394eb4f4637186360f0738d5302aab462f465e2dc011f6bd4252aa6fc9f07,3,False
7,21,HOXC8,05b683683d0c00ba318405eb4f10930e2ae680d6092bc3490796949c30991dd0,3,False
7,22,SPIRE1,05b8cd7dbadfbde4bb3827fa08616cb4630f178268b341b2584d1930891dd8ed,3,False
7,23,ETHE1,05bc908ad775284207bd70216c38da5356eb152e64c2ba0661e505eaba21049c,3,False
7,24,TUBG1,05c26ab483b32965f1f9a19533e86634b2ff4e94f5fbfb0371ee903eb9b60c8b,3,False
7,25,LINC01293,05c38246994f66cc44a9a3093a3a7de96d6ca875811dcf356585a2460d7ddf79,4,False
7,26,COL12A1,05c4d43d93b19cd276646294fa23213bbd5d6d364b1f69d8aa782f814b3184e4,4,False
7,27,AP000253.1,05c53b1e423da93f6440fc4ae84c85c4c1c8fd663319cd7fa2df9b7edd74dd16,4,False
7,28,KLHL4,05c74ed5648f93cb97f85d5d0823de1fd4ce8245f6f54dbe0b820a48eabef474,4,False
7,29,RP4-758J18.10,05c939ee7a0a3515504edc5fd013b9617b23db6efcf26abbd696a99b35572416,4,False
7,30,MED21,05c93a9395c02b347a462734f3ed7ffbe91f6e289f0d6b1b3f5aeb83fa6a93ae,4,False
7,31,AC013264.2,05c96ec065c95efd78437ed06f02ca15bc3b6d3216554358f5cf75e805ce2441,4,False
7,32,PUM1,05cdd7c2dca11d32f7f8627309bf4cb2f2f2e29474674a6722d97ba3bdd11cab,4,False
7,33,RP11-95P13.1,05ce7a876b740e4932afc22a915f00a53e256453f0694796e51edeecdbc5fdcd,5,False
7,34,SCP2,05cf37c342914ce120a87094d47c7b416b4e841356529213f0aed9bcc3109adc,5,False
7,35,FRMD6-AS2,05cf9f9b604772037c2150f22e5af4fc8e6332f742c9a0d5bbac93b85bf985c5,5,False
7,36,ZNF565,05d2d94c8beac681c03f932845f0101a0d31a2536053c9a99116b8499a622d81,5,False
7,37,N4BP2,05d61126fb6c539051fdcf531b102070281047b910af7f76357ab6fabd852dfa,5,False
7,38,CYC1,05d96cac0d0b2f931070415c241c95cc9f86630e22e28a15487fa10813a7903b,5,False
7,39,RP11-446H18.6,05da3615200ef37b946921048049f89858c3d54edc5422ef3fa7a2e467c5159e,5,False
7,40,SCAPER,05db52180ff4f1376d15383be9c9f3e7eb6dd231d85b6cc8fbb79621e120a3c0,5,False
7,41,LAMB1,05db573d614e577e9a96c90c39aa57f6446a625336142ad33dc7686434538237,6,False
7,42,FEZF1-AS1,05dba80788887e9e912b8eb0b320dde97b994678e6ae0c85940c1e527f84eb48,6,False
7,43,RP3-329A5.8,05ded1899eb3ce12fcb84f0c48fdaa22050f90bf94334e56c153aa906daf3327,6,False
7,44,MSANTD2,05e254271d8d6577e20ccafc224601c86881109b66786b993186dd6263c39de3,6,False
7,45,FREM2,05e6a057c106695362aecd6393501acc41c55b8498c931fd2d19369070752a30,6,False
7,46,RAB32,05e7185030b326658bf9db1b19c45848bb0a694a3bdc327f72e26b7361d11fa7,6,False
7,47,MPC2,05e71909ec817edba4a8c4cc7a55f0d8c7bc0a592f7a12ae272f5fbfcc44e427,6,False
7,48,NBPF26,05e75e263c653e5c9bba1d9a875ffcd98870d4c2eb841eb18c863b327ede5359,6,False
7,49,PTN,05f6680b9d7c5cfa6aec88e7d9b745a50dfe8f5cea92ba1cae97800d324b8161,7,False
7,50,PHYH,05f7d12e1b3bd3ed7e460d1a09b8c8a5d0bbe97215ff5eef78558d7a741ad06b,7,False
7,51,TRAM2,05fb3a16dc72c3092c628c96791e20ab8b82701f0abca980f9ed44b7dd9794c5,7,False
7,52,PITPNA,05fe755a0ab71370b1fb4959ad4a54ca9dbf3723b6d702da75e0d4111edcfb85,7,False
7,53,CSNK2A1,0604118a7905e8865262b2b82b868c6aefc0fee829c5fef67f08c9ce946c2dad,7,False
7,54,RP11-356I2.1,06043e49defd420b98dffa4ca4b123b30257cd70eda2add11206f48183ad74cf,7,False
7,55,RP11-154D17.1,06082de1ce0961e67b72dc873053b3fa7c173848a002f71e4c1d9b0be578b36e,7,False
7,56,LINC00479,0609b73a747b4b2af94f6e8ebe99ed15ccefa644f3c98c1a4476b518bcc3f0e4,7,False
7,57,GCKR,060b6eea12f31e27d2162ee118489108ca61ca37a89433a0348f9eb6be5829e1,8,False
7,58,ZMYND8,060e1b3af7039437f51bc985f1d1b9d0ae4a9b7cf52e5a104f55f1a326c807bc,8,False
7,59,MAGEA3,061133966a65fceacf972e94bfb402af2f40de7cad5b86ddb40894f365df4d6a,8,False
7,60,GPX3,06179ba6618a2c42fccf13826d01615aac1a83405b7124ac179400650fa1a1d2,8,False
7,61,LIMD2,061942467bae52a276bd75d36e998a75b237643fd8c2b712da7cb1b51274b742,8,False
7,62,ATP6V0D2,061a13399d868040f71111419a2fc502d28e7748ee873f195deddac48770fd42,8,False
7,63,CTB-46B19.2,061e2c2cdc41cde38ef71cffdcc3a8be08a37672842a4db657b8c82c00c69e95,8,False
7,64,ALAD,06219d8f73575626971eaae90e8fc66c554b8d3cd365bbaa0cc8233c660d8487,8,False
8,1,OSCP1,0624885798785d5669faa1bba3a994e4b5b0d4c256090907ca88ff2a2e4e612a,1,False
8,2,RAC1,06283708c88c6ba3f78044f0d01133ecffc8c4f84a986c478aec75728608e9ff,1,False
8,3,SUSD1,062ca1df233fd1e1ea8b30418c3befcee45be83ce4bab3403743b8baa83a0dd7,1,False
8,4,OSR1,062ddba0aa3fef0fd4f17706100a48239d5ae93adf34c733eaaf115300aefb4d,1,False
8,5,LINC00305,062e9738876cbcea27401edba7567dd987837fcb1db605b24027cbca37fe30ce,1,False
8,6,CYTH2,062fb3396fec96f388d8ca1c7b4460d869062dfcb12e2a890641770cb8fd2b52,1,False
8,7,RP11-545D19.1,06332354109df80a5179fb1c71509fcb82ef302dded7e50293132c6d0a934ae5,1,False
8,8,RN7SL832P,06356792287a0357fb56913f2f485b1e05d8651bf630b4fe99468a18248fdf70,1,False
8,9,RP4-771M4.3,063aea4df5b4b7375cae7f00cd498a8e10dc56ef4dd0b0dc7a1e2b21182c8406,2,False
8,10,MRPS24,063c08c2afb63894cc5088b3f604cedfc5f1cbb4ed1e0d69d863b3da5a39f34b,2,False
8,11,RP11-182L21.6,063cd3c8725fde32c71a89da32d5e39b9f8c18898bc7e8ea83e2293b4c51854d,2,False
8,12,HMGN3-AS1,06410a01dbe49b7cd8fd17922beb01bacbb768bfcf015f5782349d87a03672b5,2,False
8,13,C9orf106,0641e635e4767b6d1f2ded28aeaa140938040992289477baa75f8250c2c12e41,2,False
8,14,ZNF724P,06420847781a109f8d66c725e4e502567297ffe2cd22d1b7fa76d24058823d61,2,False
8,15,STIM2,06425b18f8d4d37b0f2e86de33fdea0371617c6a2b80434d2b118c7b4c929b65,2,False
8,16,MED4-AS1,06431055ce663ddc51016d331ed149b1cde8e5649163847e9ba48ec3570fb7cd,2,False
8,17,PRR29-AS1,0646ae0e6870b83639101c0548887b1eef81f9ea2c1413a3b1c6d0f00773c362,3,False
8,18,NKX3-1,06474b2b70f31dabeab773fe8b1d390e4525ee3ec238747db2de97883fb8e0d2,3,False
8,19,LYZL4,064931ee5da2affc38d1fc83968060a7d8a39eda450d37524c2bc6deafc10d1c,3,False
8,20,TTC39C,064c7b8b2307939299b10104e2c1651e1c54973258a725a53620e28737d7d9e9,3,False
8,21,ANKRD26,064ef103160daecba59d1601d8450fc53347706ee5c49682d800fc29e48a8159,3,False
8,22,RBM44,064f158e8d11e044b20ec185fa3e342f71785b4a0d96e52e4a7223124a57d4e4,3,False
8,23,DHFR,065032f8e978bead3ead2f096478604de0c21a030927a25abce1a4923e322c0c,3,False
8,24,MED28,065125c2221256929b7fa646956de81d69436d5425c3946e8e30fde4a3b986f8,3,False
8,25,PPIC,065146a43c05105602d1c041dc2d5652f2bbc655b423fac36fbed29a35bba857,4,False
8,26,RORB,0652ee32c19431ebd1db1adf934c712649d8e8f0cf89011d7f6a585dd2c381b6,4,False
8,27,SLA,0653cccd663d633ce3a1894e35d12497d4195d0dad343386f25b29ed16114281,4,False
8,28,TAPBPL,0655f894745da84b9d76baa6d22d72779441d4d97883677609f88f2fc2c8bcc7,4,False
8,29,MRPS23,065e771c9b072778b05ca3ac7e2c763f19ea9db7037f1fd46ba0aef1bee1c9e6,4,False
8,30,RP11-545M17.1,0666f685246094462ba8e478b7849e58167587290d69b0781083c0e76343824d,4,False
8,31,CTC-384G19.1,0669108873fffc92dbb4f512d4ecfe83e69807b08a29657977c989b4e7631a41,4,False
8,32,RP4-742C19.13,066a0a756550c1819214e43f82f82902071f2004fc443a7847a12104cf419126,4,False
8,33,GLIS2-AS1,066b007450d6add1419a5b405ad9f532e72426d0b10167ee57f3ec80dff8b5a9,5,False
8,34,RP11-6I2.3,066dc2a7432065de5d4d4b42b7b5506ae314e4f1f290861896a372de94c5e680,5,False
8,35,ACADSB,066e8b3276207d039ff9fb278b9e0bf7e03d37b8a34202632d3e0ea30b52eef5,5,False
8,36,SHPK,067793e8bbe59fb79fd532ef0ad89cc9c7a2e5c474fe776f0b07932ffa98a2c2,5,False
8,37,CRAMP1,067f28b9a58541142c2403b52ab0cf1afaaa852b28d6d6523db517080d762122,5,False
8,38,ACSBG1,067f50ed39653ca6cb41df2da63fe2ac004d38827f1920124bbfbde713975715,5,False
8,39,FUT10,0683ab42e4bd1be04406b0701b5be8215814ad3a7296f89d274288bdcd1a4e1c,5,False
8,40,RNF24,068678b4ce05f2072fb7d6e6fc4bfec989ce28d7a78b4f5f8eb09a822a7f7f32,5,False
8,41,RP1-223E5.4,0688586b2f19477db389bc6fd87c0a70db8f69dbc316b98e8c12c21261b71d24,6,False
8,42,ENTPD5,068c51393ec6a0cb1a17f3355493414049bead53d4bc0640d5b5aa45f4917ca3,6,False
8,43,CDK8,068cd04fc541c99ddd8d4b616da5d3d92cb693b10a9486f92b1ae26b9e892c75,6,False
8,44,RP11-661A12.4,068d338993e8de87f92c573de4da160a0bbc7a5bd20d7568a510e577c7b1d651,6,False
8,45,LLPH,06916bdb1dda0fbaacca3da9f95569a00eda91ccfa3d438919826d0a85f1b0c7,6,False
8,46,PROSC,06938022e48c50fb9dc7399cf231d3c29b1a177e54d5d066572da769fde57549,6,False
8,47,C14orf28,0694e4fcc50f416397af805c416d1f7db5f5e3ed362a19dd03a0d063e9d4df30,6,False
8,48,RP11-525K10.3,0699fba742245c5af41cc9ac4eea5ed19d87340f4a5b035a6579a678c3298e07,6,False
8,49,UQCRHL,06a2951b6cb6914f13024d9f671614aed4c2381428faba923e5b8d29c8dc66c3,7,False
8,50,MIXL1,06a3950185b6fbf6c90c1cc42a1bc6fd0f015c52772899fdbd9324f7b85d8f84,7,False
8,51,MDM4,06b535e33f7ae68f44274e32745d3df27f19f4f97e9e67f4a4ed701190918aeb,7,False
8,52,MYLK3,06b5dc69989d5ad936cd20f644512dd39df481f8270881d458fdc17759e5d4d1,7,False
8,53,WDR5,06b9822e204bdd81a28f8dd6564c8f84892e9fd1c683adefc1361d684d58c5cc,7,False
8,54,MFI2-AS1,06be1c39f8de3976e0a8cd6c1d7500688faf5da8bb776fb1288e0b3f8dbec3e4,7,False
8,55,C1S,06bf65c963d93e594bc08e0c6b82fe8ee7b5e1f16e326e7b340c5850d787826e,7,False
8,56,ANXA5,06cbcf352718c25bbff0fdc4ac24a6121f23362e66844638097430d3fea1d441,7,False
8,57,RHBDD3,06cc82bd111be35637839cc35b306f94ff72783856084fef710c0110f4d12697,8,False
8,58,THOP1,06cced2d4a59a9bc44ac565e9c5a919d7dd84dc6b248fdebcc881d35c038bd4f,8,False
8,59,YIPF1,06d2fa537a03eb243a173bc7c577fd5d7d62024ccc5a26737d2fff9d8200d5fb,8,False
8,60,HOXB7,06d35ce52c239af903250e2dbaeed409a02ac56a600240021677b83af161992e,8,False
8,61,CCDC71L,06d3be06bb80af1065d96cdd426f7548c60227c78f9b75d4de5a45f160ce7d86,8,False
8,62,GRIK5,06d46653737d50239260abf24b6739fa8f704c0d063f8db4b2c340dcfa02c0a6,8,False
8,63,RP11-338K17.8,06d9bf9765dd2af68a71afb9e34004ee42f0572eb5507c734f3158aa2e1fb87e,8,False
8,64,POC1A,06df006d2dc602b5e0b97f58a3d7786366c3d8e08b84aba20c5db6fc1c11adfd,8,False
9,1,SMN1,06e30149f79193000c15c1c63474cb53b1d5875b8d58373a500e31d2798184cf,1,False
9,2,P2RX7,06e4307116825fc586835cbcd0b54d21ce5184dae5192db13f7d9654740e45c9,1,False
9,3,FAM169A,06e83a2df85b38d34142587b383fd241b0e3b5aeb86d453619cd620ec1535267,1,False
9,4,C12orf66,06eb2974d8bfe6d64ac9d8d6713e3e145cdf94f10e617cc808eb94c62ce1a75d,1,False
9,5,CD3EAP,06eeb2ecd69aceda15f4be7f0746f6c2845bf54f3ce81fde008a90af239eb5d3,1,False
9,6,ARMS2,06f4f5cdc7b43429bf739e1032407e8aa4680c295e70c444d7067f8b23aa1923,1,False
9,7,ATL2,06fda90d6b5c364fe11661116b4a70e591c7aa57339f34b90c1f6ee96c866453,1,False
9,8,MYH8,0702de6b77d13b6b73ac1613c16737de71207f323bf6e6302ff400a2d47a7d08,1,False
9,9,TSPAN18,070570e357340e7637d7eb4ef700983d2d53f1c9540a185f7d316813ebb637eb,2,False
9,10,KB-1125A3.12,07074204aa88a6b5f111438ba0af2ce9c50b07eaeed9c218b25b54d1b39e033c,2,False
9,11,EXTL1,070ecd67eab15b0aeaadbe82a4e905f391e06a8c2b978de27167a20caee4f731,2,False
9,12,IL18RAP,0715c4e64df09891a5bf3c628db865d0bdbee0c5e9f086fadd9c2be5bc16ed82,2,False
9,13,RP11-359E3.4,071a6d3fbc7cc33db58d9055dd243588abe5a56f402a8eff5bba017f7700c1ec,2,False
9,14,PTPRN2,071c67bff41f54865980d55307d6c5a13ee80e144bc051d3a89f362854389a84,2,False
9,15,TMEM139,072554c2fd2c7508725aadfd0785496fb0d21fdb34931fa4d2cb3fe7831d33a2,2,False
9,16,PUS7,0729db8bd65a9cb901a695754131d85cb797ae706e123d18c5a8ca4e6f3ada44,2,False
9,17,PCDH11Y,07316ef863afb9bc98af13294f21b806d8302ffd54546d22ece4f7023c91a6aa,3,False
9,18,AL109761.5,07323d5a74145ba394e8ad9785e25aacbfd7e5d4261141d5f0d391ca0d0d749f,3,False
9,19,SMAP1,073391565492a5a80fd6aa09299b2da973a43fcdee1a63499e6f994f298b319e,3,False
9,20,ZHX1,0735b2ce018eac4df42ba52bd297cae7f13516bbaa3659e5a997d8483e709a95,3,False
9,21,PPARGC1B,07360c641469d352cc65eadea3060369429c911bc50cb76ed2e33aa53e5c353d,3,False
9,22,H2AFY2,073672928e24f3feade12570ed3324aa58e15aa863587861986137924d91bf0a,3,False
9,23,FADS3,07388f59f451fd0d1a3022e80a4e1777e900417ba6aba5745f154d7524d57799,3,False
9,24,MRPS18C,074092047c78ef0849af8e9d7fba718f9686d964690211173efa34d2056dccf0,3,False
9,25,BAG2,07446e93cb0752ef6233fcd456d5e08b01bb73a6bb7e1caa00644fc882464866,4,False
9,26,PATZ1,0744c6d583f66be62a3f4ed402195e06322a949e37a277015af5c77160a44d08,4,False
9,27,DHH,07455833c4741e2dd14f5120ae1c7f555c378f975df936a688f3efbc6ff4e9a0,4,False
9,28,RP11-370I10.10,074589c0828323648a85c4790436e742fc139fb2b8fcc5d4897e5a5c29bc68ac,4,False
9,29,ICE1,0746ee700c3e0e2a323335da15e8752684dd4e9148fcf0b181436a70785679de,4,False
9,30,ARL13B,074700426e380d3a12a8ed9947db61d9926dfaa2ac1056a058458ee413aa01c2,4,False
9,31,FAM175A,074c9cfda97735248ac23c6cddbd9348c3aac451e7d705daff5633df34060fba,4,False
9,32,ULK3,074f2e2ba0d85e9249304bc5786ceab94ab56f2d206fd396e4c64f79111d6bf8,4,False
9,33,EGR2,074f3734eab534a790fa22d0607e35dbe1a597ff6bc2f5c27badd18bdd6bd4d5,5,False
9,34,TRIM37,075195b27489d5f988e738e84a6f2470a5b2d5ee89bf2888dce17de3fb01e7ea,5,False
9,35,RAP1GAP,0755f81810dd107b5455b1b1924b1b1fcc1acf0833486b91127f24141804f89f,5,False
9,36,RP11-1223D19.1,0759dd98ae15449f417bc6f8d78c98b8e44dd2f666ae2c1ce5545b0e298f450c,5,False
9,37,RERGL,075ec263a39220e2b5455daea352d6865701cfaee3fda46888398960679a7f5b,5,False
9,38,TNKS,0761d75af35c98603c6c2435caa77acc739e9d6f4efbdeb833b94e66bff36b47,5,False
9,39,C5orf45,0765df150960fb8d223c8fefcc03ba16c86cb485cc45dd12ae7126650eb6c7db,5,False
9,40,PPM1G,07660f8d329f566fad53ecabd2572c5c6cb180a662c242bc9c069460ed1a234a,5,False
9,41,FABP3,07664df327feedd4694824d0c642a1e35d26524cec2178c8441aa1f6d6f31803,6,False
9,42,RP11-286H15.1,0766e4be47a6c2cee5623cc134efb1a7deec1530f638957038d64a2c8bd62c2c,6,False
9,43,KCNIP4,0767cf5612a5f1d809fc9acd1f8ad7294b943a63c97aca418451519363216365,6,False
9,44,AC009236.2,076adc109c3c8674b8800bdaf6772e402c15273c612de5984c8eaf66f55739f4,6,False
9,45,CCDC140,0773e72d0912ff2fbfbf9370e6f071bdb68e72283d6fae9d6f196c3e83818397,6,False
9,46,EMILIN3,077466811f62007bf9bdcb8fa8c6b14e2e4d0da3ea29478e68e515fbf70346b4,6,False
9,47,SERINC3,07763cef31c340d5d4335a4764672efb19c079e4caae1e314417e045a8ba0518,6,False
9,48,AC013472.4,07776e54f90b1fdb01ce2833289b2c77cfc4e1620efe671189f9a025527fac67,6,False
9,49,AC103563.8,07787aa3dee3083b92d87ac700f8cec82386d5c257de2b982e95b48812ea39d4,7,False
9,50,TALDO1,077bd4d5468313f3f683003cc8b5a0505abec58ec4be43476122d4142553a8a3,7,False
9,51,ANO8,078574ada64de5dae83e731c99ddecc2f15ef91093c0f9c377030000c87e845d,7,False
9,52,LAMC1,07882949fa71afe26a358493daea005c59e90f762b6d12225e2a606e014455c1,7,False
9,53,SACS,07889eb79a3581eff7395cd0eab5d5814a5bc72a8c4b07eb0e3c7e5b70256ad9,7,False
9,54,CABP4,0789ad04f3309241bf93955ef2517fb0f05f567002d627281f593f228e9a34e4,7,False
9,55,BMP2K,079072f8cfa8779cc8e6defff34920bdf73a8b0794fe7cdc9180823fbddb9373,7,False
9,56,H1FX,0796343dfe351b259d3f060be1517d4c5fced986a53f825c9446159592951f27,7,False
9,57,AC073342.12,079710ac5944d2c05962ac2321ee749719f9ece9866b7968f477b6336f499402,8,False
9,58,RNF187,079744e64720e996b5aa3645bb9fc57980e8810f6bfa494e7f63c1c2fc5b015f,8,False
9,59,CTC-209H22.3,0798fa944397aa84c824b87646e628f3083e0d52ba057cee9a896a77d481464f,8,False
9,60,GIMAP6,079a6dc2fe68aed4909cf2318f896967475acc5359be8d4a85828436b132e128,8,False
9,61,RELA,079fc698414baba399ba1bace9264a566384add5e3b9dbf48f948b0e7a0727b3,8,False
9,62,RP11-182J1.17,07a14f610b36d625c486f5a3abe76b54ee9665d458da189210edc28ce0df8f89,8,False
9,63,RP11-723O4.9,07a2ae09e3c9ad1eaaa92c1a66148100283cd8f3513edaf7ec067effe5c62580,8,False
9,64,CLSTN3,07a3a85eb7fab1e0353ac820277d55e5e7cbca69d383deba6cada875b8a8f8c6,8,False
10,1,MYO5B,07adfc44aef1680bcae61a5c0b7c4fa77b403d5fb12611f5576a153c5568e05c,1,False
10,2,CLOCK,07b17456168777a259c9963d59438cfbbfc06e62eb293ae6886b165a78123b19,1,False
10,3,SSC4D,07b524326517888d3f9167790bfe05af9a4050356bd65b111878cacb6607f6fb,1,False
10,4,HAUS7,07b5a34cfac3a4367b9bc0bfc0e675af571c01cffb51a326373cefaf5d9e4329,1,False
10,5,AC007773.2,07b5ffcd637708b039435865c5dfc14df64fa2810e0b810d4a77eb632e4ed885,1,False
10,6,PSMA2,07b64e67e13e2bf392522b9ba32642fd09f96420818f9d37f3cad7584bf69c96,1,False
10,7,GSTA2,07b870e069e0bda290b8b83acb4c68d0153bb1f241e90134edbaadebb42d60d1,1,False
10,8,GLIDR,07c074d2bdd68dd7bf8987afb45e9a0fba04fea9ad1d0c8b2654069b4f34ff69,1,False
10,9,DIAPH2,07c109f1349761817f403403fc5019d983916b3ea95f0e452c443eb702b3e432,2,False
10,10,PDE10A,07c29dce8c065c37a62049a30c2365e10e88946504ad6706e15dab143e78f3f5,2,False
10,11,RP11-361D15.2,07c3665886ffa4c79cdcade9fc49608d578b3b7e7dbd654f26f33635e5439f67,2,False
10,12,RP11-967K21.1,07cbbdf00c96c7ccc1bde8acb7540f34cd9bd76aeb43691862680b25f04dc9ba,2,False
10,13,RP11-40E6.2,07ce27e616146f13a9c51f869abcd7a238d6cf8d187fc71d6ab3e47a528cd3d0,2,False
10,14,PDCD5,07ce3bf6a430cc9ed3979f77632c1e245edfd391fc1d77964ce7641a112d3b51,2,False
10,15,TMEM200B,07d11e60fcd678f93575e0e47d6220043275256b81716def2bec56e809319587,2,False
10,16,Z69666.2,07d2d10de8c55150c7581f43e31cfc87536173d570b8c00a4beb6751bc1c7be3,2,False
10,17,TBCA,07d3cf10c7cd037a93a4856f6b5e343a27e7048b40e230b6e46ac723233bb041,3,False
10,18,RP4-736H5.3,07d624f4e1bb4b49d238a053ff00d6fe384a1b75097b1c7b07440a9c428fb3be,3,False
10,19,CTD-3154N5.2,07db133ecbf961b5bb347e3df9a54ea7ce084a6d2aa54f9f6c2f3ffd9928808a,3,False
10,20,VAPB,07dd09869accc71ea36779f166408b792c4223b12b8a98d02678223f2dd01c2e,3,False
10,21,HAT1,07dfd813236005124f7647862c01eadc3425ee5b00a8d1fcb403dcefa3779be9,3,False
10,22,SCYL1,07e078b5a2a5f9f01e452444083d4fc660cb4c86575d44faabb96aebcf0860c5,3,False
10,23,TMEM231,07e70bae090b7641f168999c2628132189259e462dbf14bf71336a4725f54378,3,False
10,24,CTTN,07e7e123d6707f17502f0a95ca2e87c911aab6eee49dd27e7ba17b8a854c3f15,3,False
10,25,PRTFDC1,07e869d41a08b3efb1e542b2ba17993f8f80a2428f9d11feeb3f6dc77792af96,4,False
10,26,AC016722.3,07ea9de2f14cf11a5155de7f170311b26cf33bf43dec74099d602bbf992bd3e4,4,False
10,27,SSR1,07ef271b7f0837c988c6e8ac9bc6374002c2f7e8635e62cda1c9c3059e7f4c5c,4,False
10,28,SCNN1G,07f3e1d6ee66ded6fbf71bce6a1076373b151a193761fefbc1afa1b0c58538b4,4,False
10,29,WDR70,07f692693d852a1e2ad10d461df3556c4032b7a376d71e17132f6fb09a4c5c08,4,False
10,30,SLC37A1,07fa531e4842e031f018c6c937e1ec54c956fd93cc51654d3f1f77909a2a1ca8,4,False
10,31,STOM,07fde9f42fabbd0f4015c4573dd1f38915f59b6a156cd54a16e6c641f918a4ff,4,False
10,32,CTC-573N18.1,07ff6264773b54648b06f69876277a5542ff069530187c3b38ebcfca62608d26,4,False
10,33,AVPR2,080354065684b2f8b9c222e7f346f70344d68f554737e9343271da7a817c9ea4,5,False
10,34,TMEM126A,08049068bd640f2f35a071209feded44a5d6c669f5bf2c163979765ebe60b88d,5,False
10,35,SLC12A2,080c99ad0a627c087ed86d0f166acf605d52699965043fe16562403bf2aab134,5,False
10,36,RP11-284M14.1,080fd0e251b1743cfb4e915e546e6ef3fdb75aaa437701f0507b8288160a27b4,5,False
10,37,AC072062.1,0812c5cc0a35608ad79874152132fbecc677c1e834668920fa7f40ce11c45643,5,False
10,38,AC092652.1,08139440f72cffe4d6694818956bb72520d6fc822f09fbaa9522f8ad12ce4fe4,5,False
10,39,NOVA1,08157e73fca5741c386afb518cda0fe7657f3a6755fc18224f8a1927f80d0dae,5,False
10,40,PA2G4,0819a6ab53f89e46f9be849a981f46735db6c375d4ba61f19cb53c6f3f81842a,5,False
10,41,AC142528.1,081d1d3932d71e58b0aa0c9705bf26408d153a0394c4e830f389979f08036805,6,False
10,42,MC1R,081e98a58669010554142838493a52b743189c032e02c570abd2db6e32f89dd3,6,False
10,43,TMEM106C,0828855b1165bad2b7ef99defb622cc3997bdf404195e8c9bff406f0b5dbe99e,6,False
10,44,RP4-604G5.1,08289ee0bd5226da2d8616c44b96d2fd65d747c7e73833af5bf219ed2a462b25,6,False
10,45,RP11-404F10.2,082d44d3661f056945dbd5cf933e135ccad4adec8f4e45a4f6e4f9f980e47bed,6,False
10,46,ALMS1,082df05e97ba1e7eec50bd319206ba7c3138a9d77fc9ed96062c96aa4683c145,6,False
10,47,LGR5,08307ce6b9b7e526e5adcbd4d9c77cad2826b1d5b832d4ffc95eb9988f2258c2,6,False
10,48,NAGPA,0833d1a593e97cd442ce98b1a500cc46d9cba64ce30e29fb4fda4960c3240cc5,6,False
10,49,SLC25A53,0834018b99797c32f72cb6f375c6c9dc8455cd7f86f811151d3e6f20534814f7,7,False
10,50,DPPA2,08390ebc338bfe40861bbb31c29ccdbd6089047668929b843665dafc441bfe48,7,False
10,51,PARP14,083a1edca38dc32ebc7f3406e19565598210c3ac1e6f186002ed538063a709b5,7,False
10,52,COL10A1,083a2c1a9de427c3c984da87be2b8aa811331079bee6b5df3afaecc47d3b59f9,7,False
10,53,CAPN13,083ecb4ca7f9fb1928d8a84940aabbad28c1ad6a0234c657f5808185948f1979,7,False
10,54,RP4-533D7.4,083ffec0c169c9cc62d42a1a50a0235ee45f179c3aac9b83663705d0cf6c7c7d,7,False
10,55,RP11-3N13.2,084004d4186a63a44d167ed7f32e5c9e1c4d4c1fc376d15837e7a1abb8d12cbd,7,False
10,56,LINC00115,08415a3cedcd22270c9e68165830dff35f6f1ea40cc6ea9abd7ae0a575255e40,7,False
10,57,CAMSAP2,0844126d629d26753e946c432b5828b67d59903ddc60721179b522b94b7b7eda,8,False
10,58,GCNT3,08448b5684bb52a40369aaacd94017c993481ce2813295bf2b3d09a7b8a5e7b1,8,False
10,59,CEMIP,0845d406dbfd3079f4af9f8650cc28773785a7970af288285e92f2dc1f9cf2c4,8,False
10,60,LINC01615,084695dfdaf6122ff1514cda0cf70793d086edbfba89ba2f1ee2d7c7ff6a29e4,8,False
10,61,SPAG7,084745d37a52034fb593c4be98a0f87225b1ac2829c3d7d2b9251769138acc1c,8,False
10,62,TWSG1,084b4933242e12a38feeb4a0b44afcb65bc878241944b40e7fdba4493b1d2237,8,False
10,63,FGL1,084c39f160adbae317eed1c786e9b9c4f6a1c348d5ed2f24657f602e3a1e4884,8,False
10,64,PDE5A,084e9e9c9b0922718d59e6db908d72f9210e1c1cde63b59ce53bbe2ec5f01eff,8,False
11,1,LINC00934,084f08654b2dd89f26bd74dbfb0de1b5b4c824d89a5cf594b00e3fff09276bc7,1,False
11,2,NEK11,0851b74dc28b6c1b1aed9da1f6601234e88fb50a86f0e5519f1a2e9cfd6f05c4,1,False
11,3,TNFRSF11A,085437b465c2af341a749c39429b752b1376f7197aaaee3a8d3165c1db02ef47,1,False
11,4,ZZZ3,0856101013e10605f26aee6ffe80d8b9b87dd6b9419a36e8917add442362fe1c,1,False
11,5,OR5M11,08566d0672ba30bd35aaae234616cc5f693e45e812a9fe725e3d56fa30895fa4,1,False
11,6,RP11-227G15.10,08582a16fb89f094f54f50879fcefe57e9c2db46872c1f526fe2396bd2bc750a,1,False
11,7,PSMD6-AS2,0859346dfd4cc9c83d1fd54b053f9922ffce717f0790f8882aa1220ad0a8cec9,1,False
11,8,RP11-406H23.2,085996850763971a23c6f962b39719d2faba71cfc935d8ced3d32dac4fe5d22d,1,False
11,9,CDK7,085dd2214318c429947338f5205d575f20733eff8ad65be94977543618619456,2,False
11,10,TCP11L2,085ea2d1c4b18e29e9c04edc950eb9acf900c5281304b69cfd58e310299d5a1e,2,False
11,11,HAUS1,0862142d931d0d7e9aa55c6a1dc82099d7f4851f1a6e66ddc55939f3c4ed1ccf,2,False
11,12,TIMM22,086788980d9295f3429134846cd697295a4b329fa61f1414c4c8bbc1c3462e41,2,False
11,13,USP34,0867ee62bdbfd471bcbb25772b6c0bb8ee194f0cf9d2a95b3b88b540f511dd66,2,False
11,14,RP13-516M14.4,0868a3dcac01cb4fe88f8b78427c541ead81c0b905f681dd755f4492937f6346,2,False
11,15,HMGA1,086a6f2a2871488397e6c34ba39b598aad390f579ecc0d458aab9f6159835d6c,2,False
11,16,DNAJB5,086b5a8c1892a3376f451ce6a54824c0a6dc131f1c09ab2af8951f21d41189f9,2,False
11,17,USPL1,086d9b85463ce82e23aedc72976d557c9ef0143b95f0d68bfd87f82f0d54ba25,3,False
11,18,FLJ22447,086e95d3aef3cc268499e32f6c9069961cb89f61c9d5b7e13dd6ac198a98b7d5,3,False
11,19,RAC3,086fb7ab98165aaebc617b7973ec87a15b26864315f5166be3a9b4cfd8373b0c,3,False
11,20,FLOT1,086ff309517174c7c8351a651c0861ca4e2eedbe39fcf627f4ca40060ddcd795,3,False
11,21,TMSB4X,08775e00f89ecf3269b77945d906678aa54fa35fa8ec4998eb3558c2afbe7b0b,3,False
11,22,RP11-356I2.4,087bf6b5ff52efe40faee2b4fa86b1bc664fa301f663bcec34e9e23c422e1a78,3,False
11,23,FDCSP,087f7a93784e5498db487c411a041fb9084eadaf3278c369e153097eae87006f,3,False
11,24,TTPA,088d75a694fef17c97d20f83d6854764b2cbd33972345c30070ce80d2cddf1e8,3,False
11,25,TIMP4,0894c25d32275ba15653a8daa981b1043b78325fdda468dcee5537567335923f,4,False
11,26,C9orf153,0894d3e9dbed7fa2e51973392228aeecef7bae798c3c55a7894786220a6378a6,4,False
11,27,PTPRA,089854fbc95fdbcdbed757ead9fa554f555ca82038baa035e77eb86d0f660e03,4,False
11,28,ZNF135,08a1a72a6135d3167b5cca16b6216d78248981ff277b32eecfd1bbd66736b955,4,False
11,29,LAMTOR2,08afd4b0ef7ee1cff0c8f1d366746aef8deee38426f1a0ff117fe2cdeefaf44e,4,False
11,30,DCAF5,08b131a67c631b591a1b22c934e2479ef47bf56f7c503b60dab107166981858e,4,False
11,31,AC073987.1,08b310ba32d5eacf03353a031d064a9605a5a5981a06241910436b20cf95c3e2,4,False
11,32,SLC22A4,08b47258137f08c2a9087eef4e17158185b770ca4e4953a828e00f69bc2533f5,4,False
11,33,MAP7D2,08b918356f2b21c45f74991be875f8eda100bf5f828e645708ac36ffdb66e18d,5,False
11,34,AP003068.23,08bb84986b71646ced7a98f402a55d8b344c68d8d7d33d13debccffe80f7ce26,5,False
11,35,RPS4X,08bd0098ac182265fb13f9570b15530771b2984681c7428c9c38f71693cd17fb,5,False
11,36,ADO,08be6b5aecbcd611e8ed8713203b4c9974d2fe63d7c007534acb48883d0e1dab,5,False
11,37,HNF1A,08c253d3f6db40763d0a914c0bc7308087a5a2b064c1c4b4c3a778e7495ee1ee,5,False
11,38,ZKSCAN2,08c503a73f551733f549cc27fba1d111ee0335fadca22b455c4e55437eae63ac,5,False
11,39,IGFBP4,08c575a044d2d0a9dc9d6f926b676dd177d6744eb71593405c78f53b33f82f60,5,False
11,40,INSL3,08c5769a3c6635089127717ebb401bcc20da4dfa404466288f7bcf3b9ba14c62,5,False
11,41,MRPL46,08c66bd38a1e4c59a47c41889f478252b8290dab688e515862cb6d8aaed3e27b,6,False
11,42,FAM111A,08c701fcca01898f54a6d2db71c30deb49b22259b3c22cc2570b18c8eaf7993e,6,False
11,43,CSDE1,08c7cd97f294bc92cf4232fa13447bac520355825ca366012610542c2955f651,6,False
11,44,RSPH10B,08c81cb2b55d88219a5db374123443125560f244b41120829039a48349236d16,6,False
11,45,DCBLD2,08c8e87b45ada10f36c2398608d103cc55128b1d220659a18ba0ac5c13743373,6,False
11,46,NSFL1C,08cd74de8a0ad206003073b216467890319cd13885eeaff73101c3fe3f48be19,6,False
11,47,C7orf50,08cd8c95e115e56425b2a29fe9bf7471a5a55d26a6aaaeb9f737e51533871c07,6,False
11,48,RP11-326I11.4,08d36deaf1ad5943ffd311a19f0a59cd05e8e6d194192fcd0bb4a68eda7c7f45,6,False
11,49,CD63,08d40fa079c328b772854cd4461e1a95bac8e0df11cd3e7b047d19e3b220c2ac,7,False
11,50,CPZ,08d764cc41c84ab47b27c1b36e0491993a3e65d34780391052ad3d76667ac470,7,False
11,51,HARBI1,08dc792b54c3c1b903b731a1834524f8fdf0fad05bcfdae4ef2ccc4ee7778d6f,7,False
11,52,RP11-445N20.3,08dcbe93d0b9517f471eff2efd9a9802bf813ddf1d4e886192403e1aa6e3b731,7,False
11,53,LIPA,08de1840e0bd69b5bb12ae6004a2cf1d644b53301711acc40642294c6a345b4e,7,False
11,54,SVEP1,08dede03a3e4989a9329e79f64b76e1c8a10619028ca9355866c0b0786edf636,7,False
11,55,IL17RC,08df5612827c135341ac4b1597b08485a28bc3f5a4073b4d918664a4ee53ffaa,7,False
11,56,DHRS3,08e0eaa864bf38747ea3c774c701da1dc98adbf2667dcc8589e4c309bd4425bb,7,False
11,57,EPHA7,08e2baa132f10688a2c753bbe139583757b89c45c3e1ccefc30786c423217cf1,8,False
11,58,CCNY,08e375512974d63930b6bdd61d2c7ce0866ddfb3f84356704a55b8c405e79abc,8,False
11,59,TJAP1,08e4efa7eeaa9c7148f24c648daf716b08cfffde8374a40eff602ba154ffcbcb,8,False
11,60,SLC26A1,08e8c4bbcf7abb5028c147318ec80092a974a19fc239107efa1f7547de926890,8,False
11,61,H2AFX,08ea5735d0754131fa61c3e2c00053d34c303d9f749fea7cda3d9c1b6598f459,8,False
11,62,SRGAP3-AS4,08ebbd99232c978713ae1798a285b199a6753cd46f3ffbefb3a956b1a914add6,8,False
11,63,COX4I1,08ebe6dd9117eed80d31274d78bf8192b4969cb0cd93a5de42ab54e9337ee041,8,False
11,64,PDGFRA,08ef8aede9016df563d1cc6dc6362fbccf1bf92a52367681b0628b02ea97e941,8,False
12,1,CIB3,08f40d261d8128859d006a9acd6725fc204bf5dd333d9f2504d05f27a247f63b,1,False
12,2,HCAR2,08fa6d660cf34a85e621823fec22f0b2abb52c3f2ef09ee979c8720a630f404c,1,False
12,3,RPEL1,0903bd4d46a629034041f582c419d8a567ef1e17e8fc134d0bec18074b410142,1,False
12,4,TMEM65,09050751c4ba00f663fb0fb74ab3df86bd11d6b4e50a6e1ec2613ec158938909,1,False
12,5,SRP14-AS1,090537ec8d47eef8a413ecefad7ac4dfb5c81c2b10a7cba40f8f6728d5d2f334,1,False
12,6,SH3YL1,090b94e175dfa9f7f51b52de4326fe8dfa0a5d9cf4f43e11c9707cfa152f974f,1,False
12,7,RP11-798L4.1,090c6fe9c814c35af52c68a4f00871f0a19dcb45f1db6431ee012554b7c56d41,1,False
12,8,RP11-474G23.2,09183a1e4ad66056f0b2b3099840cb792faadf94a9ad10bcc614f9dd65d66e2a,1,False
12,9,ARL5B,09187a57b9984c2e85821ed69f677338155f2bdd8b448fdee93147e0e4053336,2,False
12,10,RP4-669P10.20,091ab7b1d20be1c825dbdb29a6a85cd76b8d4ba6edca9eb4632919ee3d7ffe3f,2,False
12,11,VPS45,091df11f5dc819e857fa7ae4814dd5a2b46643f31f436f246c1e5ba0739bd82f,2,False
12,12,LINC00607,09265c2f1c972e058ff1119d1341016d5f0e5c556a4c4e91ccc0840be8226e8a,2,False
12,13,TCERG1,09292a6dd8c1b542b89e13e7a7ee408e6acb4152b45553ae5d464d9d202f7d87,2,False
12,14,KRT8,092b35b79197233317e5fb8ddcf59378c09e5aee79dd588b15cd62de44cb5b00,2,False
12,15,ASS1,0935b9ffdce5a80a2059bf055189d2ebb8bc83f91d46c7f8f24d3da1e86c97dd,2,False
12,16,FANCD2OS,0937f9d9e591195e78783122f2e7b24def357e37b1f3e3706c49be136e8e063b,2,False
12,17,ST3GAL4,09396d511c5471f2b2eb58b9a0042ab638a531d74150e8ae5dea73878233bec5,3,False
12,18,RP11-280O1.2,09398ec9f1b3a0b97da655f7835b840b7910f6e3356e47965ba994253820e509,3,False
12,19,LIMD1-AS1,093a471069599176c15b5732ebd7d277fbcdcdaf55f6b9498114c7c4cadfa9da,3,False
12,20,PDLIM1,093bf11c146c042d0ac7dd8e65b7cd1d63a69dcde4631c89b4553bc8f4c78814,3,False
12,21,INCA1,093c824ad92b96398249609c7cc63e6e7ccf7bd84e144aaccb273c3f69f22df9,3,False
12,22,AC093818.1,093dec85a887b0b9c4a4197204e4a6589b74deeb2c2fdd580e1e45dcc5bb6878,3,False
12,23,CCDC40,093eaa3be2c15405890eadda4e3e50df8f6bb0c0684df79ae7a47d8b0cefedbe,3,False
12,24,MYLK,093ecf27184e0e23742802bca924db703c447cb47423f6bbc03d6cc704fa56b6,3,False
12,25,CD74,0944753093ef079a5f44f091390b6f9682c3d8db2e48327ce1e0cffd100f0bfd,4,False
12,26,RP11-84C10.4,0944b78c193d766c3be5c08e481c215e1d69dddd2230d9e97a552e46dddd0d14,4,False
12,27,FAM43A,0944dd8435d429502ad67a2373512cffd422c92b3d8e91a0723056300a6d845d,4,False
12,28,PABPN1L,094501af6fd8521c785b325c67f1a1fdb87816fdc0abafa59980a40d2ae8ac35,4,False
12,29,CD72,0946a30412a954cb9a08a7ee39b001581ace5826bbb3e5f1928f146f7a82529d,4,False
12,30,EEF1D,0947cd9a06612b2069a4a5a65a5c4531c2d2263f58be6783c4a7e7b1d182dd88,4,False
12,31,TCEB3-AS1,094a495402f684b86a64499ed2eef87709b6c30e3aa91a7af30535c184674dca,4,False
12,32,PSME1,094ae0811cff5f0fbcb48f6b6e4da1fbe3dc85a42c3e2af6993e93ea59d1ebb3,4,False
12,33,DCDC2,094f026c43b4341e0e773cc318a39ce887f6878e1d316d802d83f4aba7409b22,5,False
12,34,CCDC112,09542de3f4723af7cef911d6d00c0a5b51a27108f5ab92fd5d55e9ac80db3958,5,False
12,35,ITIH3,0954802583b1677027535cf27f63271b18af7bbe2960af0e9224bc632f04f7be,5,False
12,36,FZD2,0959c0a87ea05bc2f0ca7ca420a65ea5cd4392d48924a210233d9e55a6ffb5cc,5,False
12,37,ST6GAL1,095b2055a0acfeb8486e12f95d6fc9a9d1c64942bf658dba6da3422177ace31c,5,False
12,38,RP11-184A2.3,095beaa3e4ab5c35b3ccfa96822ac804024bbcf1ccef77eea5678492e0df0c58,5,False
12,39,C10orf10,095ef58c8f54445f5efa43dccf688797b7fa802ac7e125773b7f104a11dcaa97,5,False
12,40,FAM72A,095f08520f7df6797d88561b9b05d4e4fc82b2a6224059778861bca0b8bdfbea,5,False
12,41,UBL3,09646e6bc3fe3ebb4d33309da64a8e1aae9fdec1276c8d327f2d9104c48124c2,6,False
12,42,RP11-307C19.1,096b6d275477f7ac6df24ba47aa32741e375225cd0ee60d883a5444e08738544,6,False
12,43,LARP4,096c979b685c60630b46a10c048ee1276170920d7b157a8b9ade56f5d42fbaaf,6,False
12,44,TMC6,097677d4a277c194dbcb100029a278423eea006034e34b94eb4c48b8eda2eb7f,6,False
12,45,SMIM13,097a5d613fb326645dc62b7ac15ffa7b21b04c9e2b3c83ab37bce62659b88172,6,False
12,46,ZNF584,097d4aa344e4a4950db02f4cba4394b3d01f37f5a04cc066ee89a3c04ec181b6,6,False
12,47,RAB1B,097d9d6eaf6f38adc77b23cbcfb8810ef3ba3074e0b6f943f27ca401707c0d44,6,False
12,48,ATOH7,097eb2a4b8152cc6f44f9ddba50b22eb46c52f8b569a2e2946c24781cdbc806e,6,False
12,49,BUB1B,097f2d444d30a3e722d53dbbe1360ee401c3d3d273ec6d0708c5bf2b551032d9,7,False
12,50,RP11-323J4.1,09833900afccdd05f564cf1d58bb3d51fad446db7c87d40cbd763822b6bbe7a7,7,False
12,51,ZBTB2,098430d2cf320b7abcf4e08e4b354ecdec06fcb1dfce79537385614fe1f41195,7,False
12,52,TAF15,098948ae5e7ec34e63a1aca040fcb5676d94d96e5d08317b91022f5efe2d12b7,7,False
12,53,TRIM8,0989a44da10ca9a4f3a1c73288df2cf9f4833b6e4219dd5c2cc70b860ec3dec7,7,False
12,54,OSMR,098ca9fc1321902f449ff574a19a9fbb82392f318de20298068b5c92844fc4c9,7,False
12,55,RP11-358B23.1,098ecbf39f6bc3dacccb05eb2a8df065af2dafcae78ec1fca85db6cf4409c29a,7,False
12,56,S1PR4,09900d940e8571cebd9668479ded11b9343db2371af6c5c0cb3d22e73a549768,7,False
12,57,RP11-342M1.3,099548af43fac483da0c92435aeae3cca548a617a9bbc8f3651d1990104a6636,8,False
12,58,HIST1H4A,099bef5980a182c5dbbba6003ca20fec296a316fbec439e713cee845c5159a30,8,False
12,59,HDAC9,099c56e3f6475a3d9b63050696c81403fc3127a8cc161821b41854d0ce27e80d,8,False
12,60,ZBTB45,099e10403acbc122b2b335d6e70b449a54f69add903e58114800d43db4e8406a,8,False
12,61,RAB30,099ed0cf1443f0a0b09cb9bb87ac74161d69ea618c04922da269da9b87b38e87,8,False
12,62,AC092669.3,09a1f6b15da584117888612aa0102ffce524b37b43971b2bf666487ee0231aba,8,False
12,63,SPTBN1,09a89d5afd4c228d4b9365e433c386d844200cb2902f1fbd398dd61afdcc2ef9,8,False
12,64,ADAMTS3,09b05d91c6f2d5cc7466821a40cc81759cfc3401f624b06ca32231187f333c4f,8,False
13,1,ASB18,09b320dc4d01a52166a4f216cbdd5cd2e2107f1c6d841c543d49fbd6a10e751b,1,False
13,2,PANX1,09b363b9ab4ca0fe8d9c1909ff2412571159d19491549914282f2a22c42ebc6b,1,False
13,3,RAD9B,09b53eea87ecb26dc48d72a92e0ac51ff2fef5acc1e18f211d66d2dd29d24b4e,1,False
13,4,C20orf141,09b8f710d116875692609e8942aa2f85994495b77084901d3975aba059e813ee,1,False
13,5,MAGEE1,09bd5a92c2456bd1363cb3cede1cb3f37c37b7c3c48bb8e5fb147817f25d392d,1,False
13,6,ZNF280D,09bd839532ac733309bf6119836cb1f1cc6ae2ba4f84f6590c2d8d973b1bdee9,1,False
13,7,MAGI2,09c2f96bc4c44a3f5c961058b55a8dee279deb7696c558878a6105f0d47efd16,1,False
13,8,SSH3,09c32462ea7b30e0ca520dea218ec0ead0b028a90d45a7e281c7ed40ef935a4d,1,False
13,9,CTD-2154B17.4,09c58cd071a67cd7c962af970770dfa1afd598ae839edfd18b8dbb32e10c7abd,2,False
13,10,PTPRH,09ce09cd4a1113ba3bee849ff3fc1ed59cfe050a4bcb89150a55585afa03249f,2,False
13,11,CCNJ,09d3827f79c05bb44d6da0a79d91dec5d209778b012419cd16a22cd180176b2e,2,False
13,12,PDZD11,09d6ba5f3a751b9b7768e93b2776975e15b0b8ca4f7a1f7303c869062b33d1b7,2,False
13,13,MLLT1,09dedd99b917661bc9ead1bdd3b8fb59daf1bc712deefc3a3e9c306e15d2722f,2,False
13,14,MAN1C1,09e44844876b8f75668145af444baca03a98503d6de6a6304c7ba6ae783d6265,2,False
13,15,AC005616.2,09ed6438c7cea94ed44d5bb9d5e3e30cfdff90db4abb775acb963e0db3f9cc05,2,False
13,16,HIPK3,09ee44acc8af717fc0a02578ad2a9466949905353c52e14553bf4830f30729af,2,False
13,17,CTD-2033A16.3,09ee9097e814073137d1f06010dd40148960b42bf146ec00b38870c00db101b2,3,False
13,18,CARD18,09f1265c3ba38e2f8aa21c89d8b45004962557aa5fec71d2b58174ef7e946663,3,False
13,19,TBC1D2B,09f1d5b886a24f630b9195d8a3e57399a93b3c67c96185831dd2939eca531f8f,3,False
13,20,DNAJC22,09f36661bed9c6aa93ae6507d7d3d4606b265f6ca21646fbd31d6473bb8b0a56,3,False
13,21,SYCE2,09f3cfbcf365a101d861d2b37fd1437b002478efedc7547cc5fc58a5420dd7f3,3,False
13,22,RP11-378A13.2,09f55a6678d28cf0b71f64a2787393c888c52f4ccc5a8e8a8e8bdcaa98125334,3,False
13,23,RP11-111H13.1,09f9288cc1ec9ceb4628e5ba19ba6b6e0df8891309a3704536e1327bdabd70a7,3,False
13,24,TLK1,09fc733454723fbe3a20b27b2d25699a1b74da15bc81c8d7c517d293322e84ba,3,False
13,25,HLA-DPB1,09fd0a334cf5034d3127b0d82f910c3bcb16fefe8277cee1f88577208eba9586,4,False
13,26,ERICH2,0a041856532b4d0e96ccd4b6f8ba800713d87425a7fd9516760394c0f09450ba,4,False
13,27,CTC-490G23.6,0a06261021391406b3dc08216dcc33854efb65c71cf2fe03ca20e2c77ef269bf,4,False
13,28,YTHDC1,0a095192e8a446ea67a18146abc59a03f87bf2fddac19a0ebb594c1e445c4f82,4,False
13,29,GIPC1,0a095ecfc54362c3744128d484e5ced7ee8787c3c24a08af9818417c8450a83d,4,False
13,30,NDUFAF3,0a0be62a8595848712f39983fda6b60f6fdc7a555a6f877f254ee9af12175003,4,False
13,31,APBA3,0a11301d3b99cfce82b97a3470919a315e460fcaf1f814d6a682348f40d58b00,4,False
13,32,IER3,0a138eeed1f8737d612e1e3b40d1eb5b3caf89bd17a4e8f44c7a2ebb771f4819,4,False
13,33,C20orf195,0a141401c86373bc7d6a792f63bc270a5de6596aa83eaa5af279fa55949eb5c8,5,False
13,34,PCBP4,0a149f56cbf52947bb944b1dd811d6508fca098c471c48eeb903af4ffb6080a6,5,False
13,35,RP11-164O23.8,0a16ab120d7e3de6d660440e487eeb420c7fa6aaf6641a555085a05a0b44a32f,5,False
13,36,TBC1D10A,0a1b86d84ca68e9f8713c52dfc3024001a956ce53ce8ee2ed6c5d45d92d4e6b9,5,False
13,37,CTD-2383M3.1,0a1e1ec109f38e517d0c5afda0e4088932bbbf877f8a893bf6bf4541ef690a1a,5,False
13,38,LTB4R2,0a22b159f7ca319fa7dd0442faa689d3943cb17ec700311b1e2cca87f49bd812,5,False
13,39,NHP2,0a23a40ef0a334b49adf4e4758918511a17e624a78910761a3a0cda6b4494a47,5,False
13,40,ATG4C,0a2637bdee1a09bce68f8100341a10e857cf03ccef8d759947cac2824467fd6b,5,False
13,41,LARP1,0a34a5c225cdb3653bfb448ab6285533bda4eae9204f3c2d913e80b9eefddfe8,6,False
13,42,RCL1,0a34ac769f321e049f32821d03d34db269a8bd1d4aa76bf79d74dba7d730ed6a,6,False
13,43,SHROOM2,0a3e57fe0f633dd0600b18ca7cec43c8f660a6bab368e586f687e3b388c518f4,6,False
13,44,CD19,0a3ee2a78dbb2ff556fd3dcbda9821bc3578a21663e630a2f7cb30f20ce62169,6,False
13,45,MED14,0a3fcb3899a20406c9648e72c509fdc82b86761796bef765598969ce3ab08747,6,False
13,46,C3orf79,0a40a40f934968c093ea21be725a2cc54c1ee2ceca28e715dcf2342941744625,6,False
13,47,TMED10,0a447f4ed75e19195e4c2151a20a7f948fa07b8ba6bebcf126e7f2d3fee38da0,6,False
13,48,OTX1,0a44a09b82269b652d5429597c690b18e34ce9b265b8900460cc458fe120d62f,6,False
13,49,LTBP2,0a454d775ec26cfde61fbd95548556e52c65c6641207192cf359c8c167865414,7,False
13,50,C11orf16,0a473dabd4efa6f79b98d439518ea9bba68499aa2a5c4c0e7f24164dfbfcd2be,7,False
13,51,RP11-184M15.1,0a478305fb1d77309e01983d661d28b2139a3583fa63d50f847393210590b2a1,7,False
13,52,ZMPSTE24,0a4b66c370744cb40fe36b2ea0aba67fc376e46616b9f99f2c625aaaa68dd581,7,False
13,53,LINC00511,0a4c65898550b43c9db7ec34a87c3c69059f0d7b77492a89ec53fd3ad4217d45,7,False
13,54,RP11-21A7A.3,0a51e85b09a3d486967efd3e5765decc23e1f0a3cb4245ed373e1e8cbabe3cf8,7,False
13,55,RAB1A,0a526bf49033fdafa86406c5aca800c961555664d099b72dc4a2d3aca5055c38,7,False
13,56,WWP1,0a5379b016de57f9426df9b57a4126776bdc09e61fc81633fa3376c2cac7bac2,7,False
13,57,AC092301.3,0a5d7e5e9c9dca81851e4f57ecbf4404094d11b47c77cd992b546ac417cfea52,8,False
13,58,AFAP1,0a601abec9c659ecfd53b3826a22cc3e0b71e249e512d89c0b6ae73450c1e100,8,False
13,59,RP11-295M3.4,0a63f3a461d9d876a10d8b8c355086bf7135fcfed73a3529efbc8df4be47d7fc,8,False
13,60,RCN2,0a64a00150f82c5927a695620c6dfe43f3c2a22af0d2efa40ae6c985b46e5c3c,8,False
13,61,RP11-297K8.2,0a71098ef1d9c95905f73331fe9a08d3a079be521e6702e9fe599d8c1c750db4,8,False
13,62,LRRC4B,0a73ab80c2937a1e29c44ba745df0541747df3b78cb9dfee5e4ee04c2a4df490,8,False
13,63,RP11-156E8.1,0a763a7c686b0bfa5ce9b602a2709746951ea37e2421ac5e316f4bf768dc5025,8,False
13,64,PAXIP1-AS1,0a7fa96afc3f46da81d78883dde744bca2798e63426d72bfa79ad455c134fcba,8,False
14,1,OSBPL6,0a81e754cf548b13ac50f0ab05b8701fd73804900d26e4a5c3281ac3cac1b1cd,1,False
14,2,RP11-568N6.1,0a826ed93ea536f11c2493cfbabd367f27e75a890c8ff136828e733f2966e5d2,1,False
14,3,PDLIM2,0a8423a96d113b120514abc89337aafe02d6dd262942ee70759cae1b7a4afff6,1,False
14,4,PEBP4,0a8d3381878114994218d456cf0535d9bf084b9b174582591bc1761962fc993c,1,False
14,5,GPR150,0a8d929e7fecc1ed22b3add6831b101b78c7346746b1533fe2140a4190de07d4,1,False
14,6,FOXP4,0a902ea69a1283b9eb7cb83aee242ae538004443e7280e8bb8e063ed38504c81,1,False
14,7,NDUFB8,0a9b49741cae71e5787789060f1a5c3f1a9768abaac1c60ef5ebc5d2ef9a507d,1,False
14,8,SMAD1,0a9d9d343aea4039f5cf1ab8c32394f8c87f1a0d2b7bee747bb071c8925baf0f,1,False
14,9,ZNF510,0a9fdb98ca1491f6fdd0129c755cc7a436443ff4a4cc23f6cb7e1e56b30a1480,2,False
14,10,TEN1,0aa1ee47b7816ed8e3674131c4028170aa1e39e813830723f123195d0c378add,2,False
14,11,PGR,0aa22b84b77e8c1d90d6f4964616c3c324dd026b484d744cc595b7c5dde2d439,2,False
14,12,GKAP1,0aa38ca9281d89a78f29fedf5a43e53edb86de54e660583a03490fad71c3e735,2,False
14,13,HDAC5,0aa3c9da03cedb59bbe1bfe29e907e55f5a78fb019686cb1c4d5b1190024a63d,2,False
14,14,SULT1E1,0aa463667325971bd7effcc3a29cc9f7e5c3120392df7fb1221c31c76a3e02b9,2,False
14,15,DIO3OS,0aa8dc0e77f4632fed6f8a3dff9cf4985d923a5e506bdce976dc599bc692500a,2,False
14,16,RP11-318E3.9,0aaa00f4f1a3189d7d3fc3dbe8134387f490fee690aa26bdde761ea1cfdb86b3,2,False
14,17,GPD1L,0aab3f6042857e82156dafb0289977dc9def5ff2fc3a0917fa62e17e6f347882,3,False
14,18,GBA,0aad2a62d1a65e8483ce4638a765bd96a08bee7d38725eb4e7ad61c3f313d634,3,False
14,19,RP11-354K1.1,0aaf6523e7f3ce61204217b6d298cd802f28e45db24e31d093705937c4349aed,3,False
14,20,HOXB-AS3,0ab06462ebaeeea35ce4159ba60f832814a88ea24d6e9a5adb144ad5d175ad78,3,False
14,21,RBBP8NL,0ab3602af5acdbe46707f2517ff791b92612139e7c65b3676c8cf77bbcbb50c6,3,False
14,22,LRRC17,0ab3d0a5c37aa9d5a4044d62e3c7061a7eca6744e152d024f86b7d4e7a88e272,3,False
14,23,SPIRE2,0ab55551f081b9b7ee8bdde7f18771c520e1a1887e4d148ab22bfe57a17f0d72,3,False
14,24,OXSM,0abc8e7dff8531c541c66cdc0e447fa2536a68cbff5b36deea1e77afc4449258,3,False
14,25,MYRFL,0abddccda348edb5a623d70978def6951137e68d0c59dc32450ef5ed4e2eb408,4,False
14,26,SPCS1,0ac05fea5c48e051c702a6d7e69d939822ded0bdc1f4774b9c0423a26ad1646f,4,False
14,27,ERMAP,0ac56540e004654fd136e52c6a30e6a91b18b1dfba742913717baa2bfe0d53ea,4,False
14,28,ZWILCH,0ac5f36a7fafc54ff1adf585f1d735efdb3fa247ac4c4cc0d7eab3f368b66e49,4,False
14,29,UTS2,0ac923b6cba96d61154637c80b888933e8088ec11caa4f7d3bbc0529cd7d6c32,4,False
14,30,RP11-114G22.1,0ac9cd9f9d8ca3dea63638f53a59fa4f423d9c562fce8736df941dc762c7480f,4,False
14,31,PSMD5,0acb7a32cb9e375233a143531be540959af0710998c26331a8384473c1f54ab5,4,False
14,32,RP11-338I21.1,0acbc51e55325c1b8daac7d8aa1e9c3e6a1dd2ca610746ec39696a45a294bfc7,4,False
14,33,RP4-539M6.14,0acc814b0927cad3796d125a3284bf348bbb1a5f3581409ffe26b13f49255519,5,False
14,34,ZNF883,0acf2f2255f80d45fed969188d84429fbd62041ae972d4207f6cc49a7aa50a3e,5,False
14,35,ZNF213-AS1,0ad474a7d299a07d61868781179aa73144828f705d1aea7401209d9aabe31bdf,5,False
14,36,DUSP15,0ad85006c9047c483a5ad02da5a6ad037c5fcc63c67cd1234bd8dded96b041ee,5,False
14,37,SH2D3C,0addc1fad7bfc78ce2fdfbc2facd2745801d806c68312c6eef5b948e29082ac2,5,False
14,38,PGGT1B,0addda00f039f198898fe25773ab023535216b4ce2a958c9ff09315d0f3f05cb,5,False
14,39,ZNF286B,0adddfe093472212b088a70ca31b41d4739f0e7d1d1a0c690c44e14ca9eb9249,5,False
14,40,AP000442.4,0ade076c11c378aad120ad62ef5479996fa862ceb5ec16012213496453be3aea,5,False
14,41,TCAF2,0adea520108dcfae630bbdd8e3708753a4dc656f57315642ebe408afc9db6783,6,False
14,42,RP11-509J21.2,0adf91a77c7f7a0475aab7be08ece339b7b1c40f00c730d25c613b341e8b1ba8,6,False
14,43,TBC1D3B,0ae211f6e18efb484874e10b6fd02eb4669357738e59d30e7f4057c0c0057fe4,6,False
14,44,SNX33,0ae24ff9dfaf73d7da85cbef38e2a5e65e1fa65a00006a52389994780d3b4b04,6,False
14,45,TBC1D8,0ae3dfa13b61317e436ea8047daa40cf5906ffd446c6ce56b6bce683c647b041,6,False
14,46,PNPLA7,0ae7addf775b5883ab894060d31b39f51ddd14f58bd270c3f68623e67ca0518b,6,False
14,47,CDC45,0aea631ac7f5eea9dd711dc26371674554f1bc35202d6e0fb6c080b85071df97,6,False
14,48,SRBD1,0aeac5c33a68b958703f53669dd9acadabbd3b436edd8c4441447376de74d71f,6,False
14,49,ZNF525,0aec88cbf89d7311078aa35e9399e03afd64c1faa61ab0b61c321d1202e00eb9,7,False
14,50,VCP,0aeffe8e0095b6761223db46d98844a48cfd01dc8fe7d7d3eca8e29b0b857ce2,7,False
14,51,CECR6,0af0505fa4eab63fe00c394d02cb96186d82147bdee8f64c217a18b0cb74ea1d,7,False
14,52,LINC01338,0af09b9ca09cc51621629d372b71ec63d3e309b182b70d2da75982d80e7ed9a9,7,False
14,53,FBXO16,0af4f580a1903528ee521a6c174dd4ad66366d366778ff101e5ec2e718a15245,7,False
14,54,THEGL,0b05ab8d7e96d21c87c96968a329b47eab50ab6d054d208160f92a317d73f497,7,False
14,55,LRG1,0b09b54f8437ca1ac45d416ea752323608abc80a007fd5eae7716b6f5f52db28,7,False
14,56,KCNIP2,0b09d5d5f22f649c6e824ef40a3ca4298552a46b5686c03ee046469574397244,7,False
14,57,MAOA,0b0c109c40fdb030d3e00a9e1ab70d6d10640be68df7ce5223344b21eca64998,8,False
14,58,GS1-600G8.5,0b0c75f17e8918013fda2e068a1788c60da8101d7ccf97e82e66272af8da6407,8,False
14,59,ZNF316,0b0e1e2239d99f7ff17b7e0a6ee2926f61518216f06dd3b24b2f4fb729d1e039,8,False
14,60,BCDIN3D-AS1,0b0fa01430fdeceabde0dfd0f7afa69b425e86d9934d4611d897269b250c4510,8,False
14,61,TMEM91,0b11c1820c89543c984857c2ebe6f17edcb700ad7ac2da2687538390a4e7efc8,8,False
14,62,CNOT6,0b13627d92bee24d3afb546547f5d0dc3444cd0bc191f03b647b542e12b4cf11,8,False
14,63,NT5C,0b1603182a7f88f44c83501ccd69370ad773e7731c76fe1cd9b8055726cb668f,8,False
14,64,RP11-388M20.6,0b16b4ac85a63e0b78f3760e1a0617d04a181a406a5064d38b5cdd6bd03297e5,8,False
15,1,CTD-2544N14.3,0b1726c14b308f46eb3c1e8fab3f86a28699a0798bf5ff5cb3a1991df344d353,1,False
15,2,VILL,0b18bee654c22bf7f18742813292613c0eba45b51abed984771aef7aec304c09,1,False
15,3,ADNP-AS1,0b191fc29d15cf6ece5689d1c3f9be129be4f34f65df8b9491ccee57c0a6f56c,1,False
15,4,HMGA1P4,0b19413277197dfabf7cf81d18eb38ac0d8a522e7e42192eb13eca627fd35064,1,False
15,5,CRMP1,0b19922bb23e904322fcf0fc1280f52c3f8f8a2ff61217a8ae78024971276098,1,False
15,6,ESPL1,0b1bb346e229989106398df1fcfa57e80a842d08ad77650fd2ffb7aec79f3f0f,1,False
15,7,WIZ,0b1d82e66386286dfddb99b0b5e649a7f1b859e48347b25267cb77be65cca773,1,False
15,8,CCL27,0b20587c126f7ad2446b7144a82a06ac68b6163da4839519bb11db9457e2e895,1,False
15,9,LINC01004,0b21e92eb470486de7c5a9a1de99edccf275f906c944adb6218ffdd66edf2090,2,False
15,10,INO80C,0b27266a28a6350589dd92728024535afa4b433c0b0b2d6d0818cc4ab2f745e4,2,False
15,11,SAMD15,0b279716aa9ecb41220ecca4682a67e9fbfca90665fce0566e9e44791d2942f9,2,False
15,12,RP11-542C16.2,0b27a6efec6f089ce658049332a47983681127dfa79f642514ca58a4427a4a44,2,False
15,13,RP11-308B5.2,0b290a02a7dcb9ab5b851beeb970bf98af8c7415ec1aeaf6262570a9d392f0bf,2,False
15,14,C20orf196,0b2c17d3a791fb8b6a0f06c71dedb0a48d9f5dfdb8a5b8be0dd3106e10f674e5,2,False
15,15,MTUS2,0b2f66c94be56d1740fe3442e470e0885eaa7b38c4eb9cbcc4c75ad1d3f9fb47,2,False
15,16,PDCD10,0b302a91b600b57cfba6c82a1a3d7c5e97e95293ebde3ea72b17f8292def9d59,2,False
15,17,AC113404.1,0b34c67647641259590b6b0de65766cc711e8d21dc5aa33181d04c3a21323cc7,3,False
15,18,TRIP12,0b3504748f867f23b2fe6fa21c045b596ba6bb34af89cb47002c490af2aa57dd,3,False
15,19,SENP1,0b37565a3136810c16da8c2605a82adc3ddca71fc44dcc589c8816d5f8bc8416,3,False
15,20,AC010883.5,0b3a65b7d4a62d22a02c4e1fa70823cc7224805589fb14d14d76d099b092aefc,3,False
15,21,FKBP6,0b3e62be83b4e540ec09135a8ed4b46ad2fb65285c1d58d19ad04e2fa23dc264,3,False
15,22,RP11-227G15.12,0b414503b49d7c50b900a327ce5dced21531f516f4887e6c23f236079dc1a667,3,False
15,23,ABHD17B,0b4c17edbe3fa5434744144610af5db8a4695f318dda1a1c1f3f8e9df523f243,3,False
15,24,YY2,0b4f77f5f17cf804f231e4effbd8ae5f3162d46432ca37fe200f57b933c00211,3,False
15,25,HNRNPDL,0b4fff61132ce2d42017b4a68f82312ee9223264988dd97c4c1254630bca292e,4,False
15,26,LINC00672,0b503a9b6a80698af2f13b1145cfa33d3e64a523fca4d580264135f59d1efc81,4,False
15,27,ATRX,0b504bf05f76c77453e952b36582631b2972b964df9dd4f20a517b459cdaa8f4,4,False
15,28,ZNF443,0b51f1bdd9c58897654912dba8b0d0ab167d0faec20a3ec2b7e028e22558db2a,4,False
15,29,CACNG6,0b52f504b92a8b315971fa82b43d07a5779ba655787930db2a9ee38ec6097994,4,False
15,30,RP1-10C16.1,0b533b8932a0e8375390315269aefc839bb6a93bdd4ccaca8ac93034d7d19305,4,False
15,31,RP11-94C24.13,0b54f6530c254c6f3d07df569147bac0d87d23a4c35033f49c7da59aa351774a,4,False
15,32,DAGLA,0b5bc16da703adb89acd93a40a71755f1df9947be3617582574ad3578de1ffd0,4,False
15,33,IFT27,0b5c975300cd6b3d91cd58d1de60f8579ecfce37950cc25428cb16dec48b282e,5,False
15,34,IVD,0b5e38e95d4dc906221e2203fa233b795b9b425e3289d526863d5591dda4ac21,5,False
15,35,RWDD2A,0b68ac789eb101531412f991405478306e401bf3e5279ad93419c7e952ac56fc,5,False
15,36,KDM7A,0b697a81fef74c72fbb9c8a3d92de690f68a271ce1d6b85335f4e481a72d0936,5,False
15,37,PPP1R10,0b6b591598a3dbd09bd39ea5a1fea3981f9e1f877b7e732778b01e31ee089927,5,False
15,38,PCDHGA8,0b70dccfaa468fde7a90ad79b8656caadfeb2cd7e1e23e687e1897d110585ceb,5,False
15,39,C8orf37-AS1,0b74ba5f478d9c0c556bee3f7ade3b636a256bbb67ec7955165d83312634ce05,5,False
15,40,FLG-AS1,0b7732e680d15a2efb76166e23d73969ad9ebac5f4f757d6db5c76873484a1a4,5,False
15,41,SLC5A5,0b78d67db1f3508966fdc2ce4874bacd32f4f7385b99d1a7fb99fd62444053a0,6,False
15,42,COPS5,0b79f2bd039681b4c4604858e7e05ee92712372f8d39af820411577efdd3a18a,6,False
15,43,ZBED5,0b7c2889cfd0dd6962d86277bd2f3e55b4ec234e4b0b050a3ee3664aa75ea3fd,6,False
15,44,GET4,0b7e5f43fb5017d8b04921aa0cfd3fbcddcdda0b4e41da6f74cd2565d26ebf2f,6,False
15,45,LINC01160,0b7f04f8033b2c99e733ed3e510414fcddc4c1dc6c89dcb0bc346a08b216d980,6,False
15,46,LRP4,0b80023eeb06bbc7a2851dabc6d448619a648f3efd339cb1dabbe049b977aab3,6,False
15,47,POLR3K,0b8c840f8273bb323b938b4ca865650ba0029d07a6e30de4eabe2109454d79a5,6,False
15,48,IQCF1,0b8eddfe8d0329d1eba9dd91a7082d02aebb1b602a23e22c65b862a6023d8cf9,6,False
15,49,DOK7,0b904a33a6f07356c91a2f706118e6b7252328bb439bb0e7b5b53a06e8254364,7,False
15,50,SHKBP1,0b9072aeaaed005030b783bb8dabd0c84edbe29800fb311394ffac3da35bf00a,7,False
15,51,ECD,0b917f17fdb45b2908a2c8e3a3b5f40f046a1f367de070d99942026001219a5d,7,False
15,52,PRADC1,0b93baeb521ebb708d91f09694adae3e0ee2c1cd64a89a4a3f80d0b75bcbe835,7,False
15,53,MIR181A2HG,0b95af6b97cc6fd304b00fcc50d538b57c9416371b6f00aa1843d7c09db926fb,7,False
15,54,SPOCD1,0b968a5966998b91662fe0a6067551286aa722a52d20ab856144bff262d04b6b,7,False
15,55,ATP5G2,0b9e22f0f73a484167764fbc37777fca036f5279c558afcfaaa2d30de2467d15,7,False
15,56,GPR162,0b9e31358f47fab3d33d7d538c6e80751039dbc92acee10331a89cb6d73dbf73,7,False
15,57,PNKD,0b9fb4dafdcea059f6e9a4fd51da95622b9401e79034ca727b2e345efe62a780,8,False
15,58,USP49,0ba812c994f0c00ac151569d16646165ce3c8b6d257fb62b07cf7d1475553e1e,8,False
15,59,UBE2G1,0baca7d9af7d50671d1adefc06d20f81757ee12440ed2c4d8a0df1208c369c5c,8,False
15,60,N4BP1,0bb14ef4399512b4abe1eb5dfbc74a68a044d7d80d13193e54211d66622f34ea,8,False
15,61,MOXD1,0bb1d9d898addab322442bb86a96447398641c2ec50a914be142a59f6a140b1e,8,False
15,62,RSPH6A,0bb49094593553b7ea887c45607f467f3e387bb3f349fa0e93e672c2bc8fe2e5,8,False
15,63,PIAS3,0bb522873678b845b4b78bdd7f09ff82f409d7be3102699616cba69b922f41fd,8,False
15,64,COMMD2,0bb754c56005d52d347d34095056987a2611176209f486dfa482ac1b79bfed61,8,False
