familyID,system,dataset,replicate,carrierID,futureID,carrierCount,surfaceCount,canonicalSurfaceCount,registeredStateNonrecovery,sharedExactStateExists,fingerprintExactnessExists,registeredExactnessIdentityThresholdNumerator,registeredExactnessIdentityThresholdDenominator,registeredExactnessIdentityThreshold,exactnessMinimizers,sharedPairCountAtFirstExactness,exactnessCompressionMarginNumerator,exactnessCompressionMarginDenominator,exactnessCompressionMargin,familyMaximumSurplusNumerator,familyMaximumSurplusDenominator,familyMaximumSurplus,surplusPeakSurfaces,familyMinimumAmbiguityRatioNumerator,familyMinimumAmbiguityRatioDenominator,familyMinimumAmbiguityRatio
F001:Watermelon_PC9_osimertinib:Rewind:published:rewind_positive_cells:positive_resistant_fate,Watermelon_PC9_osimertinib,Rewind,published,rewind_positive_cells,positive_resistant_fate,162,15,14,True,False,False,,,undefinedInjective,,,,,undefinedInjective,8552,150535,0.0568107084731,IBIP11:P1_AXL,108054,217855,0.495990452365
F002:Watermelon_PC9_osimertinib:Watermelon:pooled:H03:pooled_distributional_fate,Watermelon_PC9_osimertinib,Watermelon,pooled,H03,pooled_distributional_fate,1183,28,18,False,False,True,1,1,1,IBIP12:H03:H0_3:P2_eightProjectionState;IBIP12:H03:H0_3:P4_twelveProjectionState;IBIP12:H03:H0_3:P5_twelveProjectionDistribution,0,0,1,0,62333,29383894722,2.12133213074e-06,IBIP12:H03:D0:P4_twelveProjectionState,699153,1092724,0.639825793155
F003:Watermelon_PC9_osimertinib:Watermelon:pooled:H037:pooled_distributional_fate,Watermelon_PC9_osimertinib,Watermelon,pooled,H037,pooled_distributional_fate,748,42,29,False,True,True,279377,279378,0.99999642062,IBIP12:H037:D0:P5_twelveProjectionDistribution,1,1,279378,3.57937990822e-06,56257,7200967950,7.81242193975e-06,IBIP12:H037:D0:P4_twelveProjectionState,0,1,0
F004:Watermelon_PC9_osimertinib:Watermelon:pairedReplicate:H03_replicate:replicate_invariant_fate,Watermelon_PC9_osimertinib,Watermelon,pairedReplicate,H03_replicate,replicate_invariant_fate,737,3,3,False,False,True,1,1,1,IBIP14:H03:P2_eightProjectionState;IBIP14:H03:P4_twelveProjectionState;IBIP14:H03:P5_twelveProjectionDistribution,0,0,1,0,0,1,0,,,,undefinedInjective
F005:Watermelon_PC9_osimertinib:Watermelon:pairedReplicate:H037_replicate:replicate_invariant_fate,Watermelon_PC9_osimertinib,Watermelon,pairedReplicate,H037_replicate,replicate_invariant_fate,540,3,3,False,False,True,1,1,1,IBIP14:H037:P2_eightProjectionState;IBIP14:H037:P4_twelveProjectionState;IBIP14:H037:P5_twelveProjectionDistribution,0,0,1,0,0,1,0,,,,undefinedInjective
F006:Watermelon_PC9_osimertinib:Watermelon:pairedReplicate:H03_stable_k1:persistent_component_k1,Watermelon_PC9_osimertinib,Watermelon,pairedReplicate,H03_stable_k1,persistent_component_k1,737,3,3,False,False,True,1,1,1,IBIP15:H03:k1:P2_eightProjectionState;IBIP15:H03:k1:P4_twelveProjectionState;IBIP15:H03:k1:P5_twelveProjectionDistribution,0,0,1,0,0,1,0,,,,undefinedInjective
F007:Watermelon_PC9_osimertinib:Watermelon:pairedReplicate:H03_stable_k15:persistent_component_k15,Watermelon_PC9_osimertinib,Watermelon,pairedReplicate,H03_stable_k15,persistent_component_k15,468,3,3,False,False,True,1,1,1,IBIP15:H03:k15:P2_eightProjectionState;IBIP15:H03:k15:P4_twelveProjectionState;IBIP15:H03:k15:P5_twelveProjectionDistribution,0,0,1,0,0,1,0,,,,undefinedInjective
F008:Watermelon_PC9_osimertinib:Watermelon:pairedReplicate:H03_stable_k17:persistent_component_k17,Watermelon_PC9_osimertinib,Watermelon,pairedReplicate,H03_stable_k17,persistent_component_k17,458,3,3,False,False,True,1,1,1,IBIP15:H03:k17:P2_eightProjectionState;IBIP15:H03:k17:P4_twelveProjectionState;IBIP15:H03:k17:P5_twelveProjectionDistribution,0,0,1,0,0,1,0,,,,undefinedInjective
F009:Watermelon_PC9_osimertinib:Watermelon:pairedReplicate:H03_stable_k36:persistent_component_k36,Watermelon_PC9_osimertinib,Watermelon,pairedReplicate,H03_stable_k36,persistent_component_k36,428,3,3,False,False,True,1,1,1,IBIP15:H03:k36:P2_eightProjectionState;IBIP15:H03:k36:P4_twelveProjectionState;IBIP15:H03:k36:P5_twelveProjectionDistribution,0,0,1,0,0,1,0,,,,undefinedInjective
F010:Watermelon_PC9_osimertinib:Watermelon:pairedReplicate:H03_stable_k38:persistent_component_k38,Watermelon_PC9_osimertinib,Watermelon,pairedReplicate,H03_stable_k38,persistent_component_k38,404,3,3,False,False,True,1,1,1,IBIP15:H03:k38:P2_eightProjectionState;IBIP15:H03:k38:P4_twelveProjectionState;IBIP15:H03:k38:P5_twelveProjectionDistribution,0,0,1,0,0,1,0,,,,undefinedInjective
F011:Watermelon_PC9_osimertinib:Watermelon:pairedReplicate:H03_stable_k62:persistent_component_k62,Watermelon_PC9_osimertinib,Watermelon,pairedReplicate,H03_stable_k62,persistent_component_k62,363,3,3,False,False,True,1,1,1,IBIP15:H03:k62:P2_eightProjectionState;IBIP15:H03:k62:P4_twelveProjectionState;IBIP15:H03:k62:P5_twelveProjectionDistribution,0,0,1,0,0,1,0,,,,undefinedInjective
F012:Watermelon_PC9_osimertinib:Watermelon:pairedReplicate:H03_stable_k111:persistent_component_k111,Watermelon_PC9_osimertinib,Watermelon,pairedReplicate,H03_stable_k111,persistent_component_k111,322,3,3,False,False,True,1,1,1,IBIP15:H03:k111:P2_eightProjectionState;IBIP15:H03:k111:P4_twelveProjectionState;IBIP15:H03:k111:P5_twelveProjectionDistribution,0,0,1,0,0,1,0,,,,undefinedInjective
F013:Watermelon_PC9_osimertinib:Watermelon:pairedReplicate:H037_stable_k1:persistent_component_k1,Watermelon_PC9_osimertinib,Watermelon,pairedReplicate,H037_stable_k1,persistent_component_k1,540,3,3,False,False,True,1,1,1,IBIP15:H037:k1:P2_eightProjectionState;IBIP15:H037:k1:P4_twelveProjectionState;IBIP15:H037:k1:P5_twelveProjectionDistribution,0,0,1,0,0,1,0,,,,undefinedInjective
F014:Watermelon_PC9_osimertinib:Watermelon:pairedReplicate:H037_stable_k15:persistent_component_k15,Watermelon_PC9_osimertinib,Watermelon,pairedReplicate,H037_stable_k15,persistent_component_k15,314,3,3,False,False,True,1,1,1,IBIP15:H037:k15:P2_eightProjectionState;IBIP15:H037:k15:P4_twelveProjectionState;IBIP15:H037:k15:P5_twelveProjectionDistribution,0,0,1,0,0,1,0,,,,undefinedInjective
F015:Watermelon_PC9_osimertinib:Watermelon:pairedReplicate:H037_stable_k17:persistent_component_k17,Watermelon_PC9_osimertinib,Watermelon,pairedReplicate,H037_stable_k17,persistent_component_k17,307,3,3,False,False,True,1,1,1,IBIP15:H037:k17:P2_eightProjectionState;IBIP15:H037:k17:P4_twelveProjectionState;IBIP15:H037:k17:P5_twelveProjectionDistribution,0,0,1,0,0,1,0,,,,undefinedInjective
F016:Watermelon_PC9_osimertinib:Watermelon:pairedReplicate:H037_stable_k36:persistent_component_k36,Watermelon_PC9_osimertinib,Watermelon,pairedReplicate,H037_stable_k36,persistent_component_k36,290,3,3,False,False,True,1,1,1,IBIP15:H037:k36:P2_eightProjectionState;IBIP15:H037:k36:P4_twelveProjectionState;IBIP15:H037:k36:P5_twelveProjectionDistribution,0,0,1,0,0,1,0,,,,undefinedInjective
F017:Watermelon_PC9_osimertinib:Watermelon:pairedReplicate:H037_stable_k38:persistent_component_k38,Watermelon_PC9_osimertinib,Watermelon,pairedReplicate,H037_stable_k38,persistent_component_k38,270,3,3,False,False,True,1,1,1,IBIP15:H037:k38:P2_eightProjectionState;IBIP15:H037:k38:P4_twelveProjectionState;IBIP15:H037:k38:P5_twelveProjectionDistribution,0,0,1,0,0,1,0,,,,undefinedInjective
F018:Watermelon_PC9_osimertinib:Watermelon:pairedReplicate:H037_stable_k62:persistent_component_k62,Watermelon_PC9_osimertinib,Watermelon,pairedReplicate,H037_stable_k62,persistent_component_k62,240,3,3,False,False,True,1,1,1,IBIP15:H037:k62:P2_eightProjectionState;IBIP15:H037:k62:P4_twelveProjectionState;IBIP15:H037:k62:P5_twelveProjectionDistribution,0,0,1,0,0,1,0,,,,undefinedInjective
F019:Watermelon_PC9_osimertinib:Watermelon:pairedReplicate:H037_stable_k111:persistent_component_k111,Watermelon_PC9_osimertinib,Watermelon,pairedReplicate,H037_stable_k111,persistent_component_k111,215,3,3,False,False,True,1,1,1,IBIP15:H037:k111:P2_eightProjectionState;IBIP15:H037:k111:P4_twelveProjectionState;IBIP15:H037:k111:P5_twelveProjectionDistribution,0,0,1,0,0,1,0,,,,undefinedInjective
F020:CellTag_LSK_hematopoiesis:CellTag_LSK:parallelArms:IBIP18_finePooled:finePooled,CellTag_LSK_hematopoiesis,CellTag_LSK,parallelArms,IBIP18_finePooled,finePooled,1453,5,5,True,False,False,,,undefinedInjective,,,,,undefinedInjective,0,1,0,IBIP18:finePooled:P0,1,1,1
F021:CellTag_LSK_hematopoiesis:CellTag_LSK:parallelArms:IBIP18_sourceGroupedPooled:sourceGroupedPooled,CellTag_LSK_hematopoiesis,CellTag_LSK,parallelArms,IBIP18_sourceGroupedPooled,sourceGroupedPooled,1453,5,5,True,False,False,,,undefinedInjective,,,,,undefinedInjective,0,1,0,IBIP18:sourceGroupedPooled:P0,1,1,1
F022:CellTag_LSK_hematopoiesis:CellTag_LSK:parallelArms:IBIP18_majorityPooled:majorityPooled,CellTag_LSK_hematopoiesis,CellTag_LSK,parallelArms,IBIP18_majorityPooled,majorityPooled,1453,5,5,True,False,False,,,undefinedInjective,,,,,undefinedInjective,0,1,0,IBIP18:majorityPooled:P0,1,1,1
F023:CellTag_LSK_hematopoiesis:CellTag_LSK:parallelArms:IBIP18_fateBreadth:fateBreadth,CellTag_LSK_hematopoiesis,CellTag_LSK,parallelArms,IBIP18_fateBreadth,fateBreadth,1453,5,5,True,False,False,,,undefinedInjective,,,,,undefinedInjective,0,1,0,IBIP18:fateBreadth:P0,1,1,1
F024:CellTag_LSK_hematopoiesis:CellTag_LSK:parallelArms:IBIP18_arm1Fine:arm1Fine,CellTag_LSK_hematopoiesis,CellTag_LSK,parallelArms,IBIP18_arm1Fine,arm1Fine,1453,5,5,True,False,False,,,undefinedInjective,,,,,undefinedInjective,0,1,0,IBIP18:arm1Fine:P0,1,1,1
F025:CellTag_LSK_hematopoiesis:CellTag_LSK:parallelArms:IBIP18_arm2Fine:arm2Fine,CellTag_LSK_hematopoiesis,CellTag_LSK,parallelArms,IBIP18_arm2Fine,arm2Fine,1453,5,5,True,False,False,,,undefinedInjective,,,,,undefinedInjective,26485183,324268442322,8.16767207143e-05,IBIP18:arm2Fine:P5,784125980,810611163,0.967326895793
F026:CellTag_LSK_hematopoiesis:CellTag_LSK:multimodal:IBIP19_finePooled:finePooled,CellTag_LSK_hematopoiesis,CellTag_LSK,multimodal,IBIP19_finePooled,finePooled,201,15,14,False,False,True,1,1,1,IBIP19:finePooled:JOINT:J5,0,0,1,0,55243,381960300,0.000144630214187,IBIP19:finePooled:RNA:P2,10050,19003,0.5288638636
F027:CellTag_LSK_hematopoiesis:CellTag_LSK:multimodal:IBIP19_sourceGroupedPooled:sourceGroupedPooled,CellTag_LSK_hematopoiesis,CellTag_LSK,multimodal,IBIP19_sourceGroupedPooled,sourceGroupedPooled,201,15,14,False,False,True,1,1,1,IBIP19:sourceGroupedPooled:JOINT:J5,0,0,1,0,3473,15215700,0.000228251082763,IBIP19:sourceGroupedPooled:ATAC:A1,402,757,0.531043593131
F028:CellTag_LSK_hematopoiesis:CellTag_LSK:multimodal:IBIP19_majorityPooled:majorityPooled,CellTag_LSK_hematopoiesis,CellTag_LSK,multimodal,IBIP19_majorityPooled,majorityPooled,201,15,14,False,True,True,10049,10050,0.999900497512,IBIP19:majorityPooled:JOINT:J2,2,1,10050,9.95024875622e-05,233137,250224900,0.000931709833833,IBIP19:majorityPooled:ATAC:A1,0,1,0
F029:CellTag_LSK_hematopoiesis:CellTag_LSK:multimodal:IBIP19_fateBreadth:fateBreadth,CellTag_LSK_hematopoiesis,CellTag_LSK,multimodal,IBIP19_fateBreadth,fateBreadth,201,15,14,False,False,True,1,1,1,IBIP19:fateBreadth:JOINT:J5,0,0,1,0,609041,310685700,0.00196031230275,IBIP19:fateBreadth:ATAC:A1,10050,15457,0.650190852041
F030:CellTag_LSK_hematopoiesis:CellTag_LSK:pairedArms:IBIP19_armInvariant:armInvariantFate,CellTag_LSK_hematopoiesis,CellTag_LSK,pairedArms,IBIP19_armInvariant,armInvariantFate,89,15,14,False,True,True,3913,3916,0.999233912155,IBIP19:armInvariant:ATAC:A2,3,3,3916,0.00076608784474,35495,1668216,0.0212772206956,IBIP19:armInvariant:RNA:P1,0,1,0
F031:CellTag_iEP_reprogramming:CellTag_iEP:r1:r1_RNA_3_12_21:fineDay21Fate,CellTag_iEP_reprogramming,CellTag_iEP,r1,r1_RNA_3_12_21,fineDay21Fate,206,30,26,True,False,False,,,undefinedInjective,,,,,undefinedInjective,1901371,203738635,0.009332402762,IBIP20:r1:RNA:5:day12State,18158900,20060271,0.905217083059
F032:CellTag_iEP_reprogramming:CellTag_iEP:r1:r1_RNA_3_12_21:sourceGroupedDay21Fate,CellTag_iEP_reprogramming,CellTag_iEP,r1,r1_RNA_3_12_21,sourceGroupedDay21Fate,206,30,26,True,False,False,,,undefinedInjective,,,,,undefinedInjective,653039,43518015,0.0150061761778,IBIP20:r1:RNA:5:day12State,21115,49464,0.42687611192
F033:CellTag_iEP_reprogramming:CellTag_iEP:r1:r1_RNA_3_12_21:majorityDay21Fate,CellTag_iEP_reprogramming,CellTag_iEP,r1,r1_RNA_3_12_21,majorityDay21Fate,206,30,26,True,False,False,,,undefinedInjective,,,,,undefinedInjective,72658,58425205,0.00124360710416,IBIP20:r1:RNA:5:day12State,1131764,1170441,0.966955190394
F034:CellTag_iEP_reprogramming:CellTag_iEP:r1:r1_RNA_3_12_21:fateBreadth,CellTag_iEP_reprogramming,CellTag_iEP,r1,r1_RNA_3_12_21,fateBreadth,206,30,26,True,False,False,,,undefinedInjective,,,,,undefinedInjective,6358144,274093815,0.0231969626896,IBIP20:r1:RNA:5:day12State,20629355,26987499,0.764404104285
F035:CellTag_iEP_reprogramming:CellTag_iEP:r1:r1_ATAC_3_12_21:fineDay21Fate,CellTag_iEP_reprogramming,CellTag_iEP,r1,r1_ATAC_3_12_21,fineDay21Fate,27,30,26,False,False,True,1,1,1,IBIP20:r1:ATAC:2:orderedHistory;IBIP20:r1:ATAC:2:unorderedHistory;IBIP20:r1:ATAC:2:reversedHistory;IBIP20:r1:ATAC:4:orderedHistory;IBIP20:r1:ATAC:4:unorderedHistory;IBIP20:r1:ATAC:4:reversedHistory;IBIP20:r1:ATAC:5:day12State;IBIP20:r1:ATAC:5:orderedHistory;IBIP20:r1:ATAC:5:unorderedHistory;IBIP20:r1:ATAC:5:reversedHistory;IBIP20:r1:ATAC:5:transitionSignature,0,0,1,0,94,117585,0.000799421694944,IBIP20:r1:ATAC:1:day12State,6318,6365,0.992615868028
F036:CellTag_iEP_reprogramming:CellTag_iEP:r1:r1_ATAC_3_12_21:sourceGroupedDay21Fate,CellTag_iEP_reprogramming,CellTag_iEP,r1,r1_ATAC_3_12_21,sourceGroupedDay21Fate,27,30,26,False,False,True,1,1,1,IBIP20:r1:ATAC:2:orderedHistory;IBIP20:r1:ATAC:2:unorderedHistory;IBIP20:r1:ATAC:2:reversedHistory;IBIP20:r1:ATAC:4:orderedHistory;IBIP20:r1:ATAC:4:unorderedHistory;IBIP20:r1:ATAC:4:reversedHistory;IBIP20:r1:ATAC:5:day12State;IBIP20:r1:ATAC:5:orderedHistory;IBIP20:r1:ATAC:5:unorderedHistory;IBIP20:r1:ATAC:5:reversedHistory;IBIP20:r1:ATAC:5:transitionSignature,0,0,1,0,10,5733,0.00174428745857,IBIP20:r1:ATAC:1:unorderedHistory,39,49,0.795918367347
F037:CellTag_iEP_reprogramming:CellTag_iEP:r1:r1_ATAC_3_12_21:majorityDay21Fate,CellTag_iEP_reprogramming,CellTag_iEP,r1,r1_ATAC_3_12_21,majorityDay21Fate,27,30,26,False,True,True,350,351,0.997150997151,IBIP20:r1:ATAC:2:transitionSignature;IBIP20:r1:ATAC:4:transitionSignature;IBIP20:r1:ATAC:5:snapshotDay3,1,1,351,0.002849002849,569,80730,0.00704818530905,IBIP20:r1:ATAC:2:snapshotDay3,0,1,0
F038:CellTag_iEP_reprogramming:CellTag_iEP:r1:r1_ATAC_3_12_21:fateBreadth,CellTag_iEP_reprogramming,CellTag_iEP,r1,r1_ATAC_3_12_21,fateBreadth,27,30,26,False,True,True,349,351,0.994301994302,IBIP20:r1:ATAC:1:orderedHistory;IBIP20:r1:ATAC:1:reversedHistory,2,2,351,0.00569800569801,41,6210,0.00660225442834,IBIP20:r1:ATAC:1:transitionSignature,0,1,0
F039:CellTag_iEP_reprogramming:CellTag_iEP:r1:r1_MULTI_3_12_21:fineDay21Fate,CellTag_iEP_reprogramming,CellTag_iEP,r1,r1_MULTI_3_12_21,fineDay21Fate,17,30,28,False,False,True,1,1,1,IBIP20:r1:MULTI:1:snapshotDay3;IBIP20:r1:MULTI:1:orderedHistory;IBIP20:r1:MULTI:1:unorderedHistory;IBIP20:r1:MULTI:1:reversedHistory;IBIP20:r1:MULTI:2:snapshotDay3;IBIP20:r1:MULTI:2:orderedHistory;IBIP20:r1:MULTI:2:unorderedHistory;IBIP20:r1:MULTI:2:reversedHistory;IBIP20:r1:MULTI:2:transitionSignature;IBIP20:r1:MULTI:4:snapshotDay3;IBIP20:r1:MULTI:4:orderedHistory;IBIP20:r1:MULTI:4:unorderedHistory;IBIP20:r1:MULTI:4:reversedHistory;IBIP20:r1:MULTI:4:transitionSignature;IBIP20:r1:MULTI:5:snapshotDay3;IBIP20:r1:MULTI:5:day12State;IBIP20:r1:MULTI:5:orderedHistory;IBIP20:r1:MULTI:5:unorderedHistory;IBIP20:r1:MULTI:5:reversedHistory;IBIP20:r1:MULTI:5:transitionSignature,0,0,1,0,13,4488,0.00289661319073,IBIP20:r1:MULTI:1:day12State,680,693,0.981240981241
F040:CellTag_iEP_reprogramming:CellTag_iEP:r1:r1_MULTI_3_12_21:sourceGroupedDay21Fate,CellTag_iEP_reprogramming,CellTag_iEP,r1,r1_MULTI_3_12_21,sourceGroupedDay21Fate,17,30,28,False,False,True,1,1,1,IBIP20:r1:MULTI:1:snapshotDay3;IBIP20:r1:MULTI:1:orderedHistory;IBIP20:r1:MULTI:1:unorderedHistory;IBIP20:r1:MULTI:1:reversedHistory;IBIP20:r1:MULTI:2:snapshotDay3;IBIP20:r1:MULTI:2:orderedHistory;IBIP20:r1:MULTI:2:unorderedHistory;IBIP20:r1:MULTI:2:reversedHistory;IBIP20:r1:MULTI:2:transitionSignature;IBIP20:r1:MULTI:4:snapshotDay3;IBIP20:r1:MULTI:4:orderedHistory;IBIP20:r1:MULTI:4:unorderedHistory;IBIP20:r1:MULTI:4:reversedHistory;IBIP20:r1:MULTI:4:transitionSignature;IBIP20:r1:MULTI:5:snapshotDay3;IBIP20:r1:MULTI:5:day12State;IBIP20:r1:MULTI:5:orderedHistory;IBIP20:r1:MULTI:5:unorderedHistory;IBIP20:r1:MULTI:5:reversedHistory;IBIP20:r1:MULTI:5:transitionSignature,0,0,1,0,45,5576,0.00807030129125,IBIP20:r1:MULTI:1:day12State,272,287,0.947735191638
F041:CellTag_iEP_reprogramming:CellTag_iEP:r1:r1_MULTI_3_12_21:majorityDay21Fate,CellTag_iEP_reprogramming,CellTag_iEP,r1,r1_MULTI_3_12_21,majorityDay21Fate,17,30,28,False,True,True,135,136,0.992647058824,IBIP20:r1:MULTI:1:transitionSignature,1,1,136,0.00735294117647,45,5576,0.00807030129125,IBIP20:r1:MULTI:1:day12State,0,1,0
F042:CellTag_iEP_reprogramming:CellTag_iEP:r1:r1_MULTI_3_12_21:fateBreadth,CellTag_iEP_reprogramming,CellTag_iEP,r1,r1_MULTI_3_12_21,fateBreadth,17,30,28,False,False,True,1,1,1,IBIP20:r1:MULTI:1:snapshotDay3;IBIP20:r1:MULTI:1:orderedHistory;IBIP20:r1:MULTI:1:unorderedHistory;IBIP20:r1:MULTI:1:reversedHistory;IBIP20:r1:MULTI:2:snapshotDay3;IBIP20:r1:MULTI:2:orderedHistory;IBIP20:r1:MULTI:2:unorderedHistory;IBIP20:r1:MULTI:2:reversedHistory;IBIP20:r1:MULTI:2:transitionSignature;IBIP20:r1:MULTI:4:snapshotDay3;IBIP20:r1:MULTI:4:orderedHistory;IBIP20:r1:MULTI:4:unorderedHistory;IBIP20:r1:MULTI:4:reversedHistory;IBIP20:r1:MULTI:4:transitionSignature;IBIP20:r1:MULTI:5:snapshotDay3;IBIP20:r1:MULTI:5:day12State;IBIP20:r1:MULTI:5:orderedHistory;IBIP20:r1:MULTI:5:unorderedHistory;IBIP20:r1:MULTI:5:reversedHistory;IBIP20:r1:MULTI:5:transitionSignature,0,0,1,0,0,1,0,IBIP20:r1:MULTI:0:snapshotDay3;IBIP20:r1:MULTI:0:orderedHistory;IBIP20:r1:MULTI:0:unorderedHistory;IBIP20:r1:MULTI:0:transitionSignature,1,1,1
F043:CellTag_iEP_reprogramming:CellTag_iEP:r2:r2_RNA_3_12_21:fineDay21Fate,CellTag_iEP_reprogramming,CellTag_iEP,r2,r2_RNA_3_12_21,fineDay21Fate,159,30,26,False,False,True,1,1,1,IBIP20:r2:RNA:5:orderedHistory;IBIP20:r2:RNA:5:unorderedHistory;IBIP20:r2:RNA:5:reversedHistory,0,0,1,0,35303,22195287,0.00159056289743,IBIP20:r2:RNA:5:day12State,272155,307458,0.885177812905
F044:CellTag_iEP_reprogramming:CellTag_iEP:r2:r2_RNA_3_12_21:sourceGroupedDay21Fate,CellTag_iEP_reprogramming,CellTag_iEP,r2,r2_RNA_3_12_21,sourceGroupedDay21Fate,159,30,26,False,False,True,1,1,1,IBIP20:r2:RNA:5:orderedHistory;IBIP20:r2:RNA:5:unorderedHistory;IBIP20:r2:RNA:5:reversedHistory,0,0,1,0,53685,31348069,0.00171254567546,IBIP20:r2:RNA:1:snapshotDay3,138171,149740,0.922739414986
F045:CellTag_iEP_reprogramming:CellTag_iEP:r2:r2_RNA_3_12_21:majorityDay21Fate,CellTag_iEP_reprogramming,CellTag_iEP,r2,r2_RNA_3_12_21,majorityDay21Fate,159,30,26,False,False,True,1,1,1,IBIP20:r2:RNA:5:orderedHistory;IBIP20:r2:RNA:5:unorderedHistory;IBIP20:r2:RNA:5:reversedHistory,0,0,1,0,69518,32671161,0.00212780929334,IBIP20:r2:RNA:1:orderedHistory;IBIP20:r2:RNA:1:reversedHistory,958823,993582,0.965016475741
F046:CellTag_iEP_reprogramming:CellTag_iEP:r2:r2_RNA_3_12_21:fateBreadth,CellTag_iEP_reprogramming,CellTag_iEP,r2,r2_RNA_3_12_21,fateBreadth,159,30,26,False,False,True,1,1,1,IBIP20:r2:RNA:5:orderedHistory;IBIP20:r2:RNA:5:unorderedHistory;IBIP20:r2:RNA:5:reversedHistory,0,0,1,0,163789,27843550,0.00588247547457,IBIP20:r2:RNA:5:day12State,221911,385700,0.575346123931
F047:CellTag_iEP_reprogramming:CellTag_iEP:r2:r2_ATAC_3_12_21:fineDay21Fate,CellTag_iEP_reprogramming,CellTag_iEP,r2,r2_ATAC_3_12_21,fineDay21Fate,35,30,26,False,True,True,594,595,0.998319327731,IBIP20:r2:ATAC:2:day12State,1,1,595,0.00168067226891,114,39355,0.00289670943972,IBIP20:r2:ATAC:2:snapshotDay3,0,1,0
F048:CellTag_iEP_reprogramming:CellTag_iEP:r2:r2_ATAC_3_12_21:sourceGroupedDay21Fate,CellTag_iEP_reprogramming,CellTag_iEP,r2,r2_ATAC_3_12_21,sourceGroupedDay21Fate,35,30,26,False,True,True,594,595,0.998319327731,IBIP20:r2:ATAC:1:orderedHistory;IBIP20:r2:ATAC:1:reversedHistory;IBIP20:r2:ATAC:2:day12State,1,1,595,0.00168067226891,587,104720,0.00560542398778,IBIP20:r2:ATAC:1:day12State,0,1,0
F049:CellTag_iEP_reprogramming:CellTag_iEP:r2:r2_ATAC_3_12_21:majorityDay21Fate,CellTag_iEP_reprogramming,CellTag_iEP,r2,r2_ATAC_3_12_21,majorityDay21Fate,35,30,26,False,True,True,594,595,0.998319327731,IBIP20:r2:ATAC:2:day12State,1,1,595,0.00168067226891,1,595,0.00168067226891,IBIP20:r2:ATAC:2:day12State,0,1,0
F050:CellTag_iEP_reprogramming:CellTag_iEP:r2:r2_ATAC_3_12_21:fateBreadth,CellTag_iEP_reprogramming,CellTag_iEP,r2,r2_ATAC_3_12_21,fateBreadth,35,30,26,False,True,True,594,595,0.998319327731,IBIP20:r2:ATAC:2:day12State,1,1,595,0.00168067226891,37,13090,0.00282658517953,IBIP20:r2:ATAC:2:snapshotDay3,0,1,0
F051:CellTag_iEP_reprogramming:CellTag_iEP:r2:r2_MULTI_3_12_21:fineDay21Fate,CellTag_iEP_reprogramming,CellTag_iEP,r2,r2_MULTI_3_12_21,fineDay21Fate,24,30,28,False,False,True,1,1,1,IBIP20:r2:MULTI:1:orderedHistory;IBIP20:r2:MULTI:1:unorderedHistory;IBIP20:r2:MULTI:1:reversedHistory;IBIP20:r2:MULTI:1:transitionSignature;IBIP20:r2:MULTI:2:snapshotDay3;IBIP20:r2:MULTI:2:day12State;IBIP20:r2:MULTI:2:orderedHistory;IBIP20:r2:MULTI:2:unorderedHistory;IBIP20:r2:MULTI:2:reversedHistory;IBIP20:r2:MULTI:2:transitionSignature;IBIP20:r2:MULTI:4:snapshotDay3;IBIP20:r2:MULTI:4:day12State;IBIP20:r2:MULTI:4:orderedHistory;IBIP20:r2:MULTI:4:unorderedHistory;IBIP20:r2:MULTI:4:reversedHistory;IBIP20:r2:MULTI:4:transitionSignature;IBIP20:r2:MULTI:5:snapshotDay3;IBIP20:r2:MULTI:5:day12State;IBIP20:r2:MULTI:5:orderedHistory;IBIP20:r2:MULTI:5:unorderedHistory;IBIP20:r2:MULTI:5:reversedHistory;IBIP20:r2:MULTI:5:transitionSignature,0,0,1,0,0,1,0,IBIP20:r2:MULTI:0:snapshotDay3;IBIP20:r2:MULTI:0:orderedHistory;IBIP20:r2:MULTI:0:unorderedHistory;IBIP20:r2:MULTI:0:transitionSignature,1,1,1
F052:CellTag_iEP_reprogramming:CellTag_iEP:r2:r2_MULTI_3_12_21:sourceGroupedDay21Fate,CellTag_iEP_reprogramming,CellTag_iEP,r2,r2_MULTI_3_12_21,sourceGroupedDay21Fate,24,30,28,False,False,True,1,1,1,IBIP20:r2:MULTI:1:orderedHistory;IBIP20:r2:MULTI:1:unorderedHistory;IBIP20:r2:MULTI:1:reversedHistory;IBIP20:r2:MULTI:1:transitionSignature;IBIP20:r2:MULTI:2:snapshotDay3;IBIP20:r2:MULTI:2:day12State;IBIP20:r2:MULTI:2:orderedHistory;IBIP20:r2:MULTI:2:unorderedHistory;IBIP20:r2:MULTI:2:reversedHistory;IBIP20:r2:MULTI:2:transitionSignature;IBIP20:r2:MULTI:4:snapshotDay3;IBIP20:r2:MULTI:4:day12State;IBIP20:r2:MULTI:4:orderedHistory;IBIP20:r2:MULTI:4:unorderedHistory;IBIP20:r2:MULTI:4:reversedHistory;IBIP20:r2:MULTI:4:transitionSignature;IBIP20:r2:MULTI:5:snapshotDay3;IBIP20:r2:MULTI:5:day12State;IBIP20:r2:MULTI:5:orderedHistory;IBIP20:r2:MULTI:5:unorderedHistory;IBIP20:r2:MULTI:5:reversedHistory;IBIP20:r2:MULTI:5:transitionSignature,0,0,1,0,1,828,0.0012077294686,IBIP20:r2:MULTI:1:day12State,23,24,0.958333333333
F053:CellTag_iEP_reprogramming:CellTag_iEP:r2:r2_MULTI_3_12_21:majorityDay21Fate,CellTag_iEP_reprogramming,CellTag_iEP,r2,r2_MULTI_3_12_21,majorityDay21Fate,24,30,28,False,False,True,1,1,1,IBIP20:r2:MULTI:1:orderedHistory;IBIP20:r2:MULTI:1:unorderedHistory;IBIP20:r2:MULTI:1:reversedHistory;IBIP20:r2:MULTI:1:transitionSignature;IBIP20:r2:MULTI:2:snapshotDay3;IBIP20:r2:MULTI:2:day12State;IBIP20:r2:MULTI:2:orderedHistory;IBIP20:r2:MULTI:2:unorderedHistory;IBIP20:r2:MULTI:2:reversedHistory;IBIP20:r2:MULTI:2:transitionSignature;IBIP20:r2:MULTI:4:snapshotDay3;IBIP20:r2:MULTI:4:day12State;IBIP20:r2:MULTI:4:orderedHistory;IBIP20:r2:MULTI:4:unorderedHistory;IBIP20:r2:MULTI:4:reversedHistory;IBIP20:r2:MULTI:4:transitionSignature;IBIP20:r2:MULTI:5:snapshotDay3;IBIP20:r2:MULTI:5:day12State;IBIP20:r2:MULTI:5:orderedHistory;IBIP20:r2:MULTI:5:unorderedHistory;IBIP20:r2:MULTI:5:reversedHistory;IBIP20:r2:MULTI:5:transitionSignature,0,0,1,0,5,17388,0.000287554635381,IBIP20:r2:MULTI:1:snapshotDay3,184,189,0.973544973545
F054:CellTag_iEP_reprogramming:CellTag_iEP:r2:r2_MULTI_3_12_21:fateBreadth,CellTag_iEP_reprogramming,CellTag_iEP,r2,r2_MULTI_3_12_21,fateBreadth,24,30,28,False,False,True,1,1,1,IBIP20:r2:MULTI:1:orderedHistory;IBIP20:r2:MULTI:1:unorderedHistory;IBIP20:r2:MULTI:1:reversedHistory;IBIP20:r2:MULTI:1:transitionSignature;IBIP20:r2:MULTI:2:snapshotDay3;IBIP20:r2:MULTI:2:day12State;IBIP20:r2:MULTI:2:orderedHistory;IBIP20:r2:MULTI:2:unorderedHistory;IBIP20:r2:MULTI:2:reversedHistory;IBIP20:r2:MULTI:2:transitionSignature;IBIP20:r2:MULTI:4:snapshotDay3;IBIP20:r2:MULTI:4:day12State;IBIP20:r2:MULTI:4:orderedHistory;IBIP20:r2:MULTI:4:unorderedHistory;IBIP20:r2:MULTI:4:reversedHistory;IBIP20:r2:MULTI:4:transitionSignature;IBIP20:r2:MULTI:5:snapshotDay3;IBIP20:r2:MULTI:5:day12State;IBIP20:r2:MULTI:5:orderedHistory;IBIP20:r2:MULTI:5:unorderedHistory;IBIP20:r2:MULTI:5:reversedHistory;IBIP20:r2:MULTI:5:transitionSignature,0,0,1,0,0,1,0,IBIP20:r2:MULTI:0:snapshotDay3;IBIP20:r2:MULTI:0:orderedHistory;IBIP20:r2:MULTI:0:unorderedHistory;IBIP20:r2:MULTI:0:transitionSignature,1,1,1
