replicate,modality,packageDepth,endpoint,snapshotResidual,historyResidual,snapshotMixedFibers,historyMixedFibers,snapshotPartitionSize,historyPartitionSize,snapshotFateCollisions,historyFateCollisions
r1,RNA,0,fineDay21Fate,165,165,1,1,1,1,19298,19298
r1,RNA,0,sourceGroupedDay21Fate,117,117,1,1,1,1,16488,16488
r1,RNA,0,majorityDay21Fate,121,121,1,1,1,1,13835,13835
r1,RNA,0,fateBreadth,105,105,1,1,1,1,12981,12981
r1,ATAC,0,fineDay21Fate,23,23,1,1,1,1,335,335
r1,ATAC,0,sourceGroupedDay21Fate,17,17,1,1,1,1,294,294
r1,ATAC,0,majorityDay21Fate,14,14,1,1,1,1,230,230
r1,ATAC,0,fateBreadth,15,15,1,1,1,1,230,230
r1,MULTI,0,fineDay21Fate,14,14,1,1,1,1,132,132
r1,MULTI,0,sourceGroupedDay21Fate,13,13,1,1,1,1,123,123
r1,MULTI,0,majorityDay21Fate,7,7,1,1,1,1,82,82
r1,MULTI,0,fateBreadth,8,8,1,1,1,1,88,88
r1,RNA,1,fineDay21Fate,149,140,16,16,16,30,2307,2033
r1,RNA,1,sourceGroupedDay21Fate,111,104,16,16,16,30,1882,1654
r1,RNA,1,majorityDay21Fate,101,93,16,15,16,30,1650,1442
r1,RNA,1,fateBreadth,98,94,15,15,16,30,1599,1427
r1,ATAC,1,fineDay21Fate,11,2,6,2,16,25,19,2
r1,ATAC,1,sourceGroupedDay21Fate,9,2,5,2,16,25,17,2
r1,ATAC,1,majorityDay21Fate,6,1,5,1,16,25,12,1
r1,ATAC,1,fateBreadth,5,0,4,0,16,25,11,0
r1,MULTI,1,fineDay21Fate,0,0,0,0,17,17,0,0
r1,MULTI,1,sourceGroupedDay21Fate,0,0,0,0,17,17,0,0
r1,MULTI,1,majorityDay21Fate,0,0,0,0,17,17,0,0
r1,MULTI,1,fateBreadth,0,0,0,0,17,17,0,0
r1,RNA,2,fineDay21Fate,101,78,44,35,87,116,618,437
r1,RNA,2,sourceGroupedDay21Fate,75,58,38,30,87,116,503,358
r1,RNA,2,majorityDay21Fate,71,54,40,29,87,116,449,314
r1,RNA,2,fateBreadth,58,44,33,24,87,116,420,300
r1,ATAC,2,fineDay21Fate,3,0,2,0,24,27,4,0
r1,ATAC,2,sourceGroupedDay21Fate,3,0,2,0,24,27,4,0
r1,ATAC,2,majorityDay21Fate,1,0,1,0,24,27,1,0
r1,ATAC,2,fateBreadth,2,0,2,0,24,27,3,0
r1,MULTI,2,fineDay21Fate,0,0,0,0,17,17,0,0
r1,MULTI,2,sourceGroupedDay21Fate,0,0,0,0,17,17,0,0
r1,MULTI,2,majorityDay21Fate,0,0,0,0,17,17,0,0
r1,MULTI,2,fateBreadth,0,0,0,0,17,17,0,0
r1,RNA,4,fineDay21Fate,47,37,20,16,149,165,385,227
r1,RNA,4,sourceGroupedDay21Fate,37,28,17,13,149,165,338,198
r1,RNA,4,majorityDay21Fate,33,24,14,11,149,165,268,158
r1,RNA,4,fateBreadth,36,29,18,14,149,165,282,166
r1,ATAC,4,fineDay21Fate,2,0,2,0,25,27,2,0
r1,ATAC,4,sourceGroupedDay21Fate,2,0,2,0,25,27,2,0
r1,ATAC,4,majorityDay21Fate,1,0,1,0,25,27,1,0
r1,ATAC,4,fateBreadth,2,0,2,0,25,27,2,0
r1,MULTI,4,fineDay21Fate,0,0,0,0,17,17,0,0
r1,MULTI,4,sourceGroupedDay21Fate,0,0,0,0,17,17,0,0
r1,MULTI,4,majorityDay21Fate,0,0,0,0,17,17,0,0
r1,MULTI,4,fateBreadth,0,0,0,0,17,17,0,0
r1,RNA,5,fineDay21Fate,18,5,9,4,186,201,44,6
r1,RNA,5,sourceGroupedDay21Fate,12,2,7,2,186,201,33,2
r1,RNA,5,majorityDay21Fate,11,3,7,3,186,201,30,4
r1,RNA,5,fateBreadth,13,4,8,4,186,201,33,5
r1,ATAC,5,fineDay21Fate,1,0,1,0,26,27,1,0
r1,ATAC,5,sourceGroupedDay21Fate,1,0,1,0,26,27,1,0
r1,ATAC,5,majorityDay21Fate,0,0,0,0,26,27,0,0
r1,ATAC,5,fateBreadth,1,0,1,0,26,27,1,0
r1,MULTI,5,fineDay21Fate,0,0,0,0,17,17,0,0
r1,MULTI,5,sourceGroupedDay21Fate,0,0,0,0,17,17,0,0
r1,MULTI,5,majorityDay21Fate,0,0,0,0,17,17,0,0
r1,MULTI,5,fateBreadth,0,0,0,0,17,17,0,0
r2,RNA,0,fineDay21Fate,106,106,1,1,1,1,10602,10602
r2,RNA,0,sourceGroupedDay21Fate,61,61,1,1,1,1,7487,7487
r2,RNA,0,majorityDay21Fate,78,78,1,1,1,1,7803,7803
r2,RNA,0,fateBreadth,58,58,1,1,1,1,6650,6650
r2,ATAC,0,fineDay21Fate,19,19,1,1,1,1,463,463
r2,ATAC,0,sourceGroupedDay21Fate,13,13,1,1,1,1,352,352
r2,ATAC,0,majorityDay21Fate,17,17,1,1,1,1,372,372
r2,ATAC,0,fateBreadth,13,13,1,1,1,1,308,308
r2,MULTI,0,fineDay21Fate,16,16,1,1,1,1,241,241
r2,MULTI,0,sourceGroupedDay21Fate,10,10,1,1,1,1,180,180
r2,MULTI,0,majorityDay21Fate,15,15,1,1,1,1,189,189
r2,MULTI,0,fateBreadth,11,11,1,1,1,1,161,161
r2,RNA,1,fineDay21Fate,99,87,13,19,15,35,1147,653
r2,RNA,1,sourceGroupedDay21Fate,57,53,12,16,15,35,799,467
r2,RNA,1,majorityDay21Fate,72,62,11,16,15,35,841,458
r2,RNA,1,fateBreadth,55,50,12,15,15,35,714,432
r2,ATAC,1,fineDay21Fate,13,1,8,1,19,34,29,1
r2,ATAC,1,sourceGroupedDay21Fate,9,0,6,0,19,34,22,0
r2,ATAC,1,majorityDay21Fate,11,1,8,1,19,34,25,1
r2,ATAC,1,fateBreadth,9,1,6,1,19,34,21,1
r2,MULTI,1,fineDay21Fate,3,0,3,0,21,24,3,0
r2,MULTI,1,sourceGroupedDay21Fate,2,0,2,0,21,24,2,0
r2,MULTI,1,majorityDay21Fate,2,0,2,0,21,24,2,0
r2,MULTI,1,fateBreadth,2,0,2,0,21,24,2,0
r2,RNA,2,fineDay21Fate,69,39,31,21,68,114,240,80
r2,RNA,2,sourceGroupedDay21Fate,43,24,25,16,68,114,167,60
r2,RNA,2,majorityDay21Fate,53,25,27,16,68,114,187,55
r2,RNA,2,fateBreadth,39,28,24,20,68,114,141,60
r2,ATAC,2,fineDay21Fate,3,0,1,0,29,35,15,0
r2,ATAC,2,sourceGroupedDay21Fate,2,0,1,0,29,35,11,0
r2,ATAC,2,majorityDay21Fate,3,0,1,0,29,35,14,0
r2,ATAC,2,fateBreadth,2,0,1,0,29,35,10,0
r2,MULTI,2,fineDay21Fate,0,0,0,0,24,24,0,0
r2,MULTI,2,sourceGroupedDay21Fate,0,0,0,0,24,24,0,0
r2,MULTI,2,majorityDay21Fate,0,0,0,0,24,24,0,0
r2,MULTI,2,fateBreadth,0,0,0,0,24,24,0,0
r2,RNA,4,fineDay21Fate,28,7,21,6,125,152,45,8
r2,RNA,4,sourceGroupedDay21Fate,20,5,18,4,125,152,31,6
r2,RNA,4,majorityDay21Fate,21,5,18,5,125,152,36,6
r2,RNA,4,fateBreadth,16,5,14,5,125,152,28,6
r2,ATAC,4,fineDay21Fate,3,0,1,0,30,35,12,0
r2,ATAC,4,sourceGroupedDay21Fate,2,0,1,0,30,35,9,0
r2,ATAC,4,majorityDay21Fate,3,0,1,0,30,35,11,0
r2,ATAC,4,fateBreadth,2,0,1,0,30,35,8,0
r2,MULTI,4,fineDay21Fate,0,0,0,0,24,24,0,0
r2,MULTI,4,sourceGroupedDay21Fate,0,0,0,0,24,24,0,0
r2,MULTI,4,majorityDay21Fate,0,0,0,0,24,24,0,0
r2,MULTI,4,fateBreadth,0,0,0,0,24,24,0,0
r2,RNA,5,fineDay21Fate,10,0,8,0,146,159,16,0
r2,RNA,5,sourceGroupedDay21Fate,7,0,7,0,146,159,11,0
r2,RNA,5,majorityDay21Fate,7,0,6,0,146,159,13,0
r2,RNA,5,fateBreadth,6,0,6,0,146,159,10,0
r2,ATAC,5,fineDay21Fate,3,0,1,0,30,35,12,0
r2,ATAC,5,sourceGroupedDay21Fate,2,0,1,0,30,35,9,0
r2,ATAC,5,majorityDay21Fate,3,0,1,0,30,35,11,0
r2,ATAC,5,fateBreadth,2,0,1,0,30,35,8,0
r2,MULTI,5,fineDay21Fate,0,0,0,0,24,24,0,0
r2,MULTI,5,sourceGroupedDay21Fate,0,0,0,0,24,24,0,0
r2,MULTI,5,majorityDay21Fate,0,0,0,0,24,24,0,0
r2,MULTI,5,fateBreadth,0,0,0,0,24,24,0,0
