replicate,modality,packageDepth,representation,endpoint,cloneCount,partitionSize,singletonFibers,pureFibers,mixedFibers,clonesInMixedFibers,maximumFutureImageCardinality,majorityResidual,discordantClonePairCount,futurePairVisibility,recovers,stateInjective,nontrivialCompression
r1,RNA,0,orderedHistory,fineDay21Fate,206,1,0,0,1,206,76,165,19298,2850,False,False,True
r1,RNA,0,orderedHistory,sourceGroupedDay21Fate,206,1,0,0,1,206,46,117,16488,1035,False,False,True
r1,RNA,0,orderedHistory,majorityDay21Fate,206,1,0,0,1,206,3,121,13835,3,False,False,True
r1,RNA,0,orderedHistory,fateBreadth,206,1,0,0,1,206,3,105,12981,3,False,False,True
r1,ATAC,0,orderedHistory,fineDay21Fate,27,1,0,0,1,27,18,23,335,153,False,False,True
r1,ATAC,0,orderedHistory,sourceGroupedDay21Fate,27,1,0,0,1,27,12,17,294,66,False,False,True
r1,ATAC,0,orderedHistory,majorityDay21Fate,27,1,0,0,1,27,3,14,230,3,False,False,True
r1,ATAC,0,orderedHistory,fateBreadth,27,1,0,0,1,27,3,15,230,3,False,False,True
r1,MULTI,0,orderedHistory,fineDay21Fate,17,1,0,0,1,17,14,14,132,91,False,False,True
r1,MULTI,0,orderedHistory,sourceGroupedDay21Fate,17,1,0,0,1,17,10,13,123,45,False,False,True
r1,MULTI,0,orderedHistory,majorityDay21Fate,17,1,0,0,1,17,3,7,82,3,False,False,True
r1,MULTI,0,orderedHistory,fateBreadth,17,1,0,0,1,17,3,8,88,3,False,False,True
r1,RNA,1,orderedHistory,fineDay21Fate,206,30,13,14,16,191,27,140,2033,736,False,False,True
r1,RNA,1,orderedHistory,sourceGroupedDay21Fate,206,30,13,14,16,191,19,104,1654,393,False,False,True
r1,RNA,1,orderedHistory,majorityDay21Fate,206,30,13,15,15,187,3,93,1442,35,False,False,True
r1,RNA,1,orderedHistory,fateBreadth,206,30,13,15,15,189,3,94,1427,35,False,False,True
r1,ATAC,1,orderedHistory,fineDay21Fate,27,25,23,23,2,4,2,2,2,2,False,False,True
r1,ATAC,1,orderedHistory,sourceGroupedDay21Fate,27,25,23,23,2,4,2,2,2,2,False,False,True
r1,ATAC,1,orderedHistory,majorityDay21Fate,27,25,23,24,1,2,2,1,1,1,False,False,True
r1,ATAC,1,orderedHistory,fateBreadth,27,25,23,25,0,0,1,0,0,0,True,False,True
r1,MULTI,1,orderedHistory,fineDay21Fate,17,17,17,17,0,0,1,0,0,0,True,True,False
r1,MULTI,1,orderedHistory,sourceGroupedDay21Fate,17,17,17,17,0,0,1,0,0,0,True,True,False
r1,MULTI,1,orderedHistory,majorityDay21Fate,17,17,17,17,0,0,1,0,0,0,True,True,False
r1,MULTI,1,orderedHistory,fateBreadth,17,17,17,17,0,0,1,0,0,0,True,True,False
r1,RNA,2,orderedHistory,fineDay21Fate,206,116,77,81,35,121,17,78,437,233,False,False,True
r1,RNA,2,orderedHistory,sourceGroupedDay21Fate,206,116,77,86,30,110,11,58,358,119,False,False,True
r1,RNA,2,orderedHistory,majorityDay21Fate,206,116,77,87,29,107,3,54,314,37,False,False,True
r1,RNA,2,orderedHistory,fateBreadth,206,116,77,92,24,96,3,44,300,34,False,False,True
r1,ATAC,2,orderedHistory,fineDay21Fate,27,27,27,27,0,0,1,0,0,0,True,True,False
r1,ATAC,2,orderedHistory,sourceGroupedDay21Fate,27,27,27,27,0,0,1,0,0,0,True,True,False
r1,ATAC,2,orderedHistory,majorityDay21Fate,27,27,27,27,0,0,1,0,0,0,True,True,False
r1,ATAC,2,orderedHistory,fateBreadth,27,27,27,27,0,0,1,0,0,0,True,True,False
r1,MULTI,2,orderedHistory,fineDay21Fate,17,17,17,17,0,0,1,0,0,0,True,True,False
r1,MULTI,2,orderedHistory,sourceGroupedDay21Fate,17,17,17,17,0,0,1,0,0,0,True,True,False
r1,MULTI,2,orderedHistory,majorityDay21Fate,17,17,17,17,0,0,1,0,0,0,True,True,False
r1,MULTI,2,orderedHistory,fateBreadth,17,17,17,17,0,0,1,0,0,0,True,True,False
r1,RNA,4,orderedHistory,fineDay21Fate,206,165,149,149,16,57,15,37,227,131,False,False,True
r1,RNA,4,orderedHistory,sourceGroupedDay21Fate,206,165,149,152,13,50,10,28,198,64,False,False,True
r1,RNA,4,orderedHistory,majorityDay21Fate,206,165,149,154,11,46,3,24,158,17,False,False,True
r1,RNA,4,orderedHistory,fateBreadth,206,165,149,151,14,53,3,29,166,22,False,False,True
r1,ATAC,4,orderedHistory,fineDay21Fate,27,27,27,27,0,0,1,0,0,0,True,True,False
r1,ATAC,4,orderedHistory,sourceGroupedDay21Fate,27,27,27,27,0,0,1,0,0,0,True,True,False
r1,ATAC,4,orderedHistory,majorityDay21Fate,27,27,27,27,0,0,1,0,0,0,True,True,False
r1,ATAC,4,orderedHistory,fateBreadth,27,27,27,27,0,0,1,0,0,0,True,True,False
r1,MULTI,4,orderedHistory,fineDay21Fate,17,17,17,17,0,0,1,0,0,0,True,True,False
r1,MULTI,4,orderedHistory,sourceGroupedDay21Fate,17,17,17,17,0,0,1,0,0,0,True,True,False
r1,MULTI,4,orderedHistory,majorityDay21Fate,17,17,17,17,0,0,1,0,0,0,True,True,False
r1,MULTI,4,orderedHistory,fateBreadth,17,17,17,17,0,0,1,0,0,0,True,True,False
r1,RNA,5,orderedHistory,fineDay21Fate,206,201,197,197,4,9,3,5,6,6,False,False,True
r1,RNA,5,orderedHistory,sourceGroupedDay21Fate,206,201,197,199,2,4,2,2,2,2,False,False,True
r1,RNA,5,orderedHistory,majorityDay21Fate,206,201,197,198,3,7,2,3,4,3,False,False,True
r1,RNA,5,orderedHistory,fateBreadth,206,201,197,197,4,9,2,4,5,4,False,False,True
r1,ATAC,5,orderedHistory,fineDay21Fate,27,27,27,27,0,0,1,0,0,0,True,True,False
r1,ATAC,5,orderedHistory,sourceGroupedDay21Fate,27,27,27,27,0,0,1,0,0,0,True,True,False
r1,ATAC,5,orderedHistory,majorityDay21Fate,27,27,27,27,0,0,1,0,0,0,True,True,False
r1,ATAC,5,orderedHistory,fateBreadth,27,27,27,27,0,0,1,0,0,0,True,True,False
r1,MULTI,5,orderedHistory,fineDay21Fate,17,17,17,17,0,0,1,0,0,0,True,True,False
r1,MULTI,5,orderedHistory,sourceGroupedDay21Fate,17,17,17,17,0,0,1,0,0,0,True,True,False
r1,MULTI,5,orderedHistory,majorityDay21Fate,17,17,17,17,0,0,1,0,0,0,True,True,False
r1,MULTI,5,orderedHistory,fateBreadth,17,17,17,17,0,0,1,0,0,0,True,True,False
r2,RNA,0,orderedHistory,fineDay21Fate,159,1,0,0,1,159,49,106,10602,1176,False,False,True
r2,RNA,0,orderedHistory,sourceGroupedDay21Fate,159,1,0,0,1,159,27,61,7487,351,False,False,True
r2,RNA,0,orderedHistory,majorityDay21Fate,159,1,0,0,1,159,3,78,7803,3,False,False,True
r2,RNA,0,orderedHistory,fateBreadth,159,1,0,0,1,159,3,58,6650,3,False,False,True
r2,ATAC,0,orderedHistory,fineDay21Fate,35,1,0,0,1,35,12,19,463,66,False,False,True
r2,ATAC,0,orderedHistory,sourceGroupedDay21Fate,35,1,0,0,1,35,7,13,352,21,False,False,True
r2,ATAC,0,orderedHistory,majorityDay21Fate,35,1,0,0,1,35,3,17,372,3,False,False,True
r2,ATAC,0,orderedHistory,fateBreadth,35,1,0,0,1,35,3,13,308,3,False,False,True
r2,MULTI,0,orderedHistory,fineDay21Fate,24,1,0,0,1,24,11,16,241,55,False,False,True
r2,MULTI,0,orderedHistory,sourceGroupedDay21Fate,24,1,0,0,1,24,7,10,180,21,False,False,True
r2,MULTI,0,orderedHistory,majorityDay21Fate,24,1,0,0,1,24,3,15,189,3,False,False,True
r2,MULTI,0,orderedHistory,fateBreadth,24,1,0,0,1,24,3,11,161,3,False,False,True
r2,RNA,1,orderedHistory,fineDay21Fate,159,35,15,16,19,141,11,87,653,259,False,False,True
r2,RNA,1,orderedHistory,sourceGroupedDay21Fate,159,35,15,19,16,132,7,53,467,108,False,False,True
r2,RNA,1,orderedHistory,majorityDay21Fate,159,35,15,19,16,133,3,62,458,34,False,False,True
r2,RNA,1,orderedHistory,fateBreadth,159,35,15,20,15,130,3,50,432,31,False,False,True
r2,ATAC,1,orderedHistory,fineDay21Fate,35,34,33,33,1,2,2,1,1,1,False,False,True
r2,ATAC,1,orderedHistory,sourceGroupedDay21Fate,35,34,33,34,0,0,1,0,0,0,True,False,True
r2,ATAC,1,orderedHistory,majorityDay21Fate,35,34,33,33,1,2,2,1,1,1,False,False,True
r2,ATAC,1,orderedHistory,fateBreadth,35,34,33,33,1,2,2,1,1,1,False,False,True
r2,MULTI,1,orderedHistory,fineDay21Fate,24,24,24,24,0,0,1,0,0,0,True,True,False
r2,MULTI,1,orderedHistory,sourceGroupedDay21Fate,24,24,24,24,0,0,1,0,0,0,True,True,False
r2,MULTI,1,orderedHistory,majorityDay21Fate,24,24,24,24,0,0,1,0,0,0,True,True,False
r2,MULTI,1,orderedHistory,fateBreadth,24,24,24,24,0,0,1,0,0,0,True,True,False
r2,RNA,2,orderedHistory,fineDay21Fate,159,114,93,93,21,66,5,39,80,62,False,False,True
r2,RNA,2,orderedHistory,sourceGroupedDay21Fate,159,114,93,98,16,56,4,24,60,35,False,False,True
r2,RNA,2,orderedHistory,majorityDay21Fate,159,114,93,98,16,56,3,25,55,22,False,False,True
r2,RNA,2,orderedHistory,fateBreadth,159,114,93,94,20,64,3,28,60,32,False,False,True
r2,ATAC,2,orderedHistory,fineDay21Fate,35,35,35,35,0,0,1,0,0,0,True,True,False
r2,ATAC,2,orderedHistory,sourceGroupedDay21Fate,35,35,35,35,0,0,1,0,0,0,True,True,False
r2,ATAC,2,orderedHistory,majorityDay21Fate,35,35,35,35,0,0,1,0,0,0,True,True,False
r2,ATAC,2,orderedHistory,fateBreadth,35,35,35,35,0,0,1,0,0,0,True,True,False
r2,MULTI,2,orderedHistory,fineDay21Fate,24,24,24,24,0,0,1,0,0,0,True,True,False
r2,MULTI,2,orderedHistory,sourceGroupedDay21Fate,24,24,24,24,0,0,1,0,0,0,True,True,False
r2,MULTI,2,orderedHistory,majorityDay21Fate,24,24,24,24,0,0,1,0,0,0,True,True,False
r2,MULTI,2,orderedHistory,fateBreadth,24,24,24,24,0,0,1,0,0,0,True,True,False
r2,RNA,4,orderedHistory,fineDay21Fate,159,152,146,146,6,13,3,7,8,8,False,False,True
r2,RNA,4,orderedHistory,sourceGroupedDay21Fate,159,152,146,148,4,9,3,5,6,6,False,False,True
r2,RNA,4,orderedHistory,majorityDay21Fate,159,152,146,147,5,11,2,5,6,5,False,False,True
r2,RNA,4,orderedHistory,fateBreadth,159,152,146,147,5,11,2,5,6,5,False,False,True
r2,ATAC,4,orderedHistory,fineDay21Fate,35,35,35,35,0,0,1,0,0,0,True,True,False
r2,ATAC,4,orderedHistory,sourceGroupedDay21Fate,35,35,35,35,0,0,1,0,0,0,True,True,False
r2,ATAC,4,orderedHistory,majorityDay21Fate,35,35,35,35,0,0,1,0,0,0,True,True,False
r2,ATAC,4,orderedHistory,fateBreadth,35,35,35,35,0,0,1,0,0,0,True,True,False
r2,MULTI,4,orderedHistory,fineDay21Fate,24,24,24,24,0,0,1,0,0,0,True,True,False
r2,MULTI,4,orderedHistory,sourceGroupedDay21Fate,24,24,24,24,0,0,1,0,0,0,True,True,False
r2,MULTI,4,orderedHistory,majorityDay21Fate,24,24,24,24,0,0,1,0,0,0,True,True,False
r2,MULTI,4,orderedHistory,fateBreadth,24,24,24,24,0,0,1,0,0,0,True,True,False
r2,RNA,5,orderedHistory,fineDay21Fate,159,159,159,159,0,0,1,0,0,0,True,True,False
r2,RNA,5,orderedHistory,sourceGroupedDay21Fate,159,159,159,159,0,0,1,0,0,0,True,True,False
r2,RNA,5,orderedHistory,majorityDay21Fate,159,159,159,159,0,0,1,0,0,0,True,True,False
r2,RNA,5,orderedHistory,fateBreadth,159,159,159,159,0,0,1,0,0,0,True,True,False
r2,ATAC,5,orderedHistory,fineDay21Fate,35,35,35,35,0,0,1,0,0,0,True,True,False
r2,ATAC,5,orderedHistory,sourceGroupedDay21Fate,35,35,35,35,0,0,1,0,0,0,True,True,False
r2,ATAC,5,orderedHistory,majorityDay21Fate,35,35,35,35,0,0,1,0,0,0,True,True,False
r2,ATAC,5,orderedHistory,fateBreadth,35,35,35,35,0,0,1,0,0,0,True,True,False
r2,MULTI,5,orderedHistory,fineDay21Fate,24,24,24,24,0,0,1,0,0,0,True,True,False
r2,MULTI,5,orderedHistory,sourceGroupedDay21Fate,24,24,24,24,0,0,1,0,0,0,True,True,False
r2,MULTI,5,orderedHistory,majorityDay21Fate,24,24,24,24,0,0,1,0,0,0,True,True,False
r2,MULTI,5,orderedHistory,fateBreadth,24,24,24,24,0,0,1,0,0,0,True,True,False
