condition,replicate,package,decision_eligible,fiber_count,fate_pure_fiber_count,fate_mixed_fiber_count,maximum_terminal_fate_cardinality,majority_residual,resolved_cell_count,unresolved_cell_count,exact_recovery
carboplatin,1,P0_conditionOnly,True,1,0,1,2,353,0,4519,False
carboplatin,1,P1_sourceNativePrestateLabel,False,2,2,0,1,0,4519,0,True
carboplatin,1,P2_sourceHighlightedPrograms,False,2,1,1,2,353,19,4500,False
carboplatin,1,P3_programCombination,False,16,0,16,2,353,0,4519,False
carboplatin,1,P4_fateBlindExpressionPartition,True,16,0,16,2,353,0,4519,False
carboplatin,1,P5b_correctedBiologicalState,True,330,172,158,2,350,1211,3308,False
carboplatin,1,P5_richerPreTreatmentState,False,284,127,157,2,352,1139,3380,False
carboplatin,1,P6_identityLikeControl,False,4519,4519,0,1,0,4519,0,True
carboplatin,1,randomSignatureControl,False,8,0,8,2,353,0,4519,False
carboplatin,2,P0_conditionOnly,True,1,0,1,2,382,0,4423,False
carboplatin,2,P1_sourceNativePrestateLabel,False,2,2,0,1,0,4423,0,True
carboplatin,2,P2_sourceHighlightedPrograms,False,4,3,1,2,382,20,4403,False
carboplatin,2,P3_programCombination,False,16,0,16,2,382,0,4423,False
carboplatin,2,P4_fateBlindExpressionPartition,True,16,0,16,2,382,0,4423,False
carboplatin,2,P5b_correctedBiologicalState,True,328,165,163,2,378,1176,3247,False
carboplatin,2,P5_richerPreTreatmentState,False,279,106,173,2,381,1032,3391,False
carboplatin,2,P6_identityLikeControl,False,4423,4423,0,1,0,4423,0,True
carboplatin,2,randomSignatureControl,False,16,0,16,2,382,0,4423,False
control,1,P0_conditionOnly,True,1,0,1,2,360,0,2454,False
control,1,P1_sourceNativePrestateLabel,False,2,2,0,1,0,2454,0,True
control,1,P2_sourceHighlightedPrograms,False,4,2,2,2,360,18,2436,False
control,1,P3_programCombination,False,16,0,16,2,360,0,2454,False
control,1,P4_fateBlindExpressionPartition,True,16,0,16,2,360,0,2454,False
control,1,P5b_correctedBiologicalState,True,301,142,159,2,346,480,1974,False
control,1,P5_richerPreTreatmentState,False,253,102,151,2,345,450,2004,False
control,1,P6_identityLikeControl,False,2454,2454,0,1,0,2454,0,True
control,1,randomSignatureControl,False,16,0,16,2,360,0,2454,False
control,2,P0_conditionOnly,True,1,0,1,2,258,0,1729,False
control,2,P1_sourceNativePrestateLabel,False,2,2,0,1,0,1729,0,True
control,2,P2_sourceHighlightedPrograms,False,4,1,3,2,258,4,1725,False
control,2,P3_programCombination,False,16,0,16,2,258,0,1729,False
control,2,P4_fateBlindExpressionPartition,True,16,0,16,2,258,0,1729,False
control,2,P5b_correctedBiologicalState,True,288,154,134,2,239,514,1215,False
control,2,P5_richerPreTreatmentState,False,242,126,116,2,242,475,1254,False
control,2,P6_identityLikeControl,False,1729,1729,0,1,0,1729,0,True
control,2,randomSignatureControl,False,16,0,16,2,258,0,1729,False
nk,1,P0_conditionOnly,True,1,0,1,2,329,0,3857,False
nk,1,P1_sourceNativePrestateLabel,False,2,2,0,1,0,3857,0,True
nk,1,P2_sourceHighlightedPrograms,False,4,3,1,2,329,9,3848,False
nk,1,P3_programCombination,False,16,0,16,2,329,0,3857,False
nk,1,P4_fateBlindExpressionPartition,True,16,0,16,2,329,0,3857,False
nk,1,P5b_correctedBiologicalState,True,317,170,147,2,328,1024,2833,False
nk,1,P5_richerPreTreatmentState,False,278,145,133,2,324,1107,2750,False
nk,1,P6_identityLikeControl,False,3857,3857,0,1,0,3857,0,True
nk,1,randomSignatureControl,False,8,0,8,2,329,0,3857,False
nk,2,P0_conditionOnly,True,1,0,1,2,516,0,6266,False
nk,2,P1_sourceNativePrestateLabel,False,2,2,0,1,0,6266,0,True
nk,2,P2_sourceHighlightedPrograms,False,4,3,1,2,516,20,6246,False
nk,2,P3_programCombination,False,16,0,16,2,516,0,6266,False
nk,2,P4_fateBlindExpressionPartition,True,16,0,16,2,516,0,6266,False
nk,2,P5b_correctedBiologicalState,True,330,151,179,2,513,1343,4923,False
nk,2,P5_richerPreTreatmentState,False,283,99,184,2,516,1231,5035,False
nk,2,P6_identityLikeControl,False,6266,6266,0,1,0,6266,0,True
nk,2,randomSignatureControl,False,4,0,4,2,516,0,6266,False
olaparib,1,P0_conditionOnly,True,1,0,1,2,528,0,4709,False
olaparib,1,P1_sourceNativePrestateLabel,False,2,2,0,1,0,4709,0,True
olaparib,1,P2_sourceHighlightedPrograms,False,4,2,2,2,528,10,4699,False
olaparib,1,P3_programCombination,False,16,0,16,2,528,0,4709,False
olaparib,1,P4_fateBlindExpressionPartition,True,16,0,16,2,528,0,4709,False
olaparib,1,P5b_correctedBiologicalState,True,328,137,191,2,518,810,3899,False
olaparib,1,P5_richerPreTreatmentState,False,282,85,197,2,523,688,4021,False
olaparib,1,P6_identityLikeControl,False,4709,4709,0,1,0,4709,0,True
olaparib,1,randomSignatureControl,False,8,0,8,2,528,0,4709,False
olaparib,2,P0_conditionOnly,True,1,0,1,2,376,0,4685,False
olaparib,2,P1_sourceNativePrestateLabel,False,2,2,0,1,0,4685,0,True
olaparib,2,P2_sourceHighlightedPrograms,False,3,2,1,2,376,20,4665,False
olaparib,2,P3_programCombination,False,16,0,16,2,376,0,4685,False
olaparib,2,P4_fateBlindExpressionPartition,True,16,0,16,2,376,0,4685,False
olaparib,2,P5b_correctedBiologicalState,True,331,177,154,2,370,1103,3582,False
olaparib,2,P5_richerPreTreatmentState,False,283,115,168,2,376,977,3708,False
olaparib,2,P6_identityLikeControl,False,4685,4685,0,1,0,4685,0,True
olaparib,2,randomSignatureControl,False,16,0,16,2,376,0,4685,False
